timestamp,wind_speed,humidity,pressure,temperature,rain,wind_direction
2024-12-25 15:00:00,7.2,78.0,1015.9,20.7,0.0,50.0
2024-12-25 16:00:00,24.1,78.0,1016.0,19.8,0.0,36.0
2024-12-25 17:00:00,22.3,78.0,1016.0,19.8,0.0,38.0
2024-12-25 18:00:00,3.6,80.0,1015.0,20.6,0.0,70.0
2024-12-25 19:00:00,21.2,82.0,1015.1,19.4,0.0,42.0
2024-12-25 20:00:00,19.8,82.0,1014.7,19.6,0.0,41.0
2024-12-25 21:00:00,3.6,84.0,1014.4,20.4,0.0,70.0
2024-12-25 22:00:00,19.1,83.0,1014.8,19.5,0.0,37.0
2024-12-25 23:00:00,18.7,83.0,1015.3,19.5,0.0,39.0
2024-12-26 00:00:00,3.6,88.0,1015.9,20.0,0.0,50.0
2024-12-26 01:00:00,18.0,76.0,1016.9,21.9,0.0,41.0
2024-12-26 02:00:00,22.7,74.0,1017.6,23.0,0.0,42.0
2024-12-26 03:00:00,3.6,67.0,1015.6,25.6,0.0,20.0
2024-12-26 04:00:00,26.3,66.0,1016.9,25.4,0.0,50.0
2024-12-26 05:00:00,25.2,63.0,1016.1,25.8,0.0,51.0
2024-12-26 06:00:00,3.6,63.0,1013.8,26.2,0.0,20.0
2024-12-26 07:00:00,23.8,63.0,1013.9,25.9,0.0,45.0
2024-12-26 08:00:00,21.6,64.0,1013.5,25.6,0.0,42.0
2024-12-26 09:00:00,3.6,63.0,1012.7,26.6,0.0,90.0
2024-12-26 10:00:00,16.2,75.0,1014.5,22.9,0.0,33.0
2024-12-26 11:00:00,15.5,81.0,1015.1,21.6,0.0,36.0
2024-12-26 12:00:00,7.2,80.0,1016.0,21.8,0.0,70.0
2024-12-26 13:00:00,18.0,81.0,1017.1,20.6,0.0,40.0
2024-12-26 14:00:00,19.4,81.0,1017.2,20.7,0.0,40.0
2024-12-26 15:00:00,7.2,81.0,1016.8,21.3,0.0,20.0
2024-12-26 16:00:00,16.6,82.0,1016.8,20.6,0.0,53.0
2024-12-26 17:00:00,17.3,83.0,1017.1,20.5,0.0,56.0
2024-12-26 18:00:00,3.6,87.0,1016.4,19.8,0.0,90.0
2024-12-26 19:00:00,18.4,85.0,1015.7,20.5,0.0,59.0
2024-12-26 20:00:00,20.2,85.0,1014.9,20.6,0.0,60.0
2024-12-26 21:00:00,0.0,91.0,1014.6,20.4,0.0,0.0
2024-12-26 22:00:00,18.0,84.0,1014.9,20.3,0.0,48.0
2024-12-26 23:00:00,18.7,85.0,1015.4,20.3,0.0,46.0
2024-12-27 00:00:00,7.2,88.0,1016.3,20.0,0.0,50.0
2024-12-27 01:00:00,20.2,78.0,1017.3,22.1,0.0,51.0
2024-12-27 02:00:00,22.0,73.0,1017.9,23.5,0.0,53.0
2024-12-27 03:00:00,7.2,66.0,1016.1,25.9,0.0,70.0
2024-12-27 04:00:00,29.9,63.0,1017.2,25.7,0.0,52.0
2024-12-27 05:00:00,26.3,63.0,1016.6,25.8,0.0,48.0
2024-12-27 06:00:00,7.2,60.0,1013.7,27.3,0.0,70.0
2024-12-27 07:00:00,23.8,64.0,1014.7,25.6,0.0,44.0
2024-12-27 08:00:00,23.4,68.0,1014.5,24.9,0.0,38.0
2024-12-27 09:00:00,7.2,65.0,1013.0,25.6,0.0,50.0
2024-12-27 10:00:00,18.4,75.0,1015.3,23.0,0.0,48.0
2024-12-27 11:00:00,19.1,78.0,1016.3,22.1,0.0,49.0
2024-12-27 12:00:00,10.8,76.0,1016.2,22.4,0.0,50.0
2024-12-27 13:00:00,20.9,80.0,1018.0,21.0,0.0,50.0
2024-12-27 14:00:00,22.3,80.0,1018.5,20.8,0.0,45.0
2024-12-27 15:00:00,3.6,78.0,1017.7,21.6,0.0,50.0
2024-12-27 16:00:00,22.7,79.0,1018.0,20.7,0.0,44.0
2024-12-27 17:00:00,23.4,81.0,1017.3,20.4,0.0,42.0
2024-12-27 18:00:00,10.8,78.0,1016.6,21.2,0.3,50.0
2024-12-27 19:00:00,22.7,86.0,1016.5,19.4,0.1,42.0
2024-12-27 20:00:00,23.0,86.0,1015.9,19.5,0.1,45.0
2024-12-27 21:00:00,7.2,92.0,1016.4,19.5,0.2,20.0
2024-12-27 22:00:00,24.8,86.0,1016.5,19.6,0.0,47.0
2024-12-27 23:00:00,22.3,81.0,1016.8,20.3,0.1,52.0
2024-12-28 00:00:00,3.6,92.0,1017.5,19.4,0.0,70.0
2024-12-28 01:00:00,22.3,76.0,1018.0,21.9,0.0,60.0
2024-12-28 02:00:00,29.5,73.0,1018.4,22.8,0.0,60.0
2024-12-28 03:00:00,10.8,74.0,1017.5,23.6,0.0,50.0
2024-12-28 04:00:00,30.6,66.0,1017.9,24.3,0.0,54.0
2024-12-28 05:00:00,29.9,66.0,1017.1,24.2,0.0,51.0
2024-12-28 06:00:00,10.8,65.0,1014.7,25.8,0.0,70.0
2024-12-28 07:00:00,27.7,64.0,1015.3,23.8,0.0,46.0
2024-12-28 08:00:00,25.9,66.0,1015.0,23.0,0.0,47.0
2024-12-28 09:00:00,18.0,66.0,1015.3,22.8,0.0,20.0
2024-12-28 10:00:00,24.1,72.0,1016.0,20.3,0.0,43.0
2024-12-28 11:00:00,24.8,76.0,1016.7,19.4,0.0,45.0
2024-12-28 12:00:00,14.4,71.0,1017.4,20.3,0.0,20.0
2024-12-28 13:00:00,26.6,78.0,1018.2,18.6,0.0,46.0
2024-12-28 14:00:00,26.6,78.0,1018.6,18.3,0.0,46.0
2024-12-28 15:00:00,7.2,81.0,1019.1,18.6,0.0,70.0
2024-12-28 16:00:00,25.6,78.0,1018.1,17.9,0.0,43.0
2024-12-28 17:00:00,24.8,79.0,1017.8,17.7,0.0,46.0
2024-12-28 18:00:00,3.6,83.0,1017.9,17.8,0.0,50.0
2024-12-28 19:00:00,24.1,83.0,1016.3,17.3,0.0,50.0
2024-12-28 20:00:00,24.1,83.0,1015.7,17.4,0.0,48.0
2024-12-28 21:00:00,3.6,89.0,1017.5,16.8,0.0,70.0
2024-12-28 22:00:00,24.8,82.0,1016.3,17.1,0.0,44.0
2024-12-28 23:00:00,26.3,83.0,1016.8,16.9,0.0,41.0
2024-12-29 00:00:00,10.8,83.0,1018.3,17.2,0.0,50.0
2024-12-29 01:00:00,26.3,76.0,1018.1,18.7,0.0,34.0
2024-12-29 02:00:00,26.6,70.0,1018.7,20.4,0.0,46.0
2024-12-29 03:00:00,21.6,69.0,1017.7,23.0,0.0,20.0
2024-12-29 04:00:00,23.4,55.0,1017.7,23.8,0.0,62.0
2024-12-29 05:00:00,22.0,54.0,1016.8,24.2,0.0,62.0
2024-12-29 06:00:00,18.0,53.0,1014.8,24.8,0.0,20.0
2024-12-29 07:00:00,19.4,54.0,1014.4,24.0,0.0,59.0
2024-12-29 08:00:00,19.1,56.0,1014.1,23.5,0.0,59.0
2024-12-29 09:00:00,14.4,51.0,1012.7,25.0,0.0,20.0
2024-12-29 10:00:00,15.1,66.0,1015.1,20.8,0.0,59.0
2024-12-29 11:00:00,15.1,73.0,1015.8,19.0,0.0,62.0
2024-12-29 12:00:00,3.6,79.0,1017.3,18.6,0.0,70.0
2024-12-29 13:00:00,16.2,84.0,1017.2,16.9,0.0,46.0
2024-12-29 14:00:00,16.2,87.0,1017.5,16.4,0.0,45.0
2024-12-29 15:00:00,3.6,85.0,1018.4,17.5,0.0,90.0
2024-12-29 16:00:00,18.4,88.0,1017.7,15.8,0.0,41.0
2024-12-29 17:00:00,19.4,89.0,1017.3,15.7,0.0,38.0
2024-12-29 18:00:00,0.0,92.0,1018.0,15.8,0.0,0.0
2024-12-29 19:00:00,20.2,91.0,1016.0,15.6,0.0,36.0
2024-12-29 20:00:00,19.8,92.0,1015.5,15.4,0.0,38.0
2024-12-29 21:00:00,0.0,94.0,1016.1,15.0,0.0,0.0
2024-12-29 22:00:00,18.4,92.0,1015.7,15.8,0.0,32.0
2024-12-29 23:00:00,17.3,92.0,1016.4,15.7,0.0,36.0
2024-12-30 00:00:00,3.6,97.0,1019.0,14.4,0.0,70.0
2024-12-30 01:00:00,16.9,79.0,1018.0,18.5,0.0,45.0
2024-12-30 02:00:00,18.4,70.0,1018.4,20.8,0.0,54.0
2024-12-30 03:00:00,7.2,64.0,1016.7,23.2,0.0,70.0
2024-12-30 04:00:00,16.6,56.0,1016.9,24.8,0.0,79.0
2024-12-30 05:00:00,15.8,59.0,1016.0,24.4,0.0,83.0
2024-12-30 06:00:00,7.2,52.0,1012.4,27.6,0.0,70.0
2024-12-30 07:00:00,14.0,57.0,1013.8,24.9,0.0,79.0
2024-12-30 08:00:00,14.0,60.0,1013.5,24.1,0.0,86.0
2024-12-30 09:00:00,7.2,58.0,1012.6,25.6,0.0,90.0
2024-12-30 10:00:00,14.8,69.0,1014.4,21.6,0.0,81.0
2024-12-30 11:00:00,14.8,77.0,1015.1,19.9,0.0,70.0
2024-12-30 12:00:00,3.6,78.0,1016.0,20.6,0.0,50.0
2024-12-30 13:00:00,17.3,82.0,1016.6,18.4,0.0,48.0
2024-12-30 14:00:00,16.2,83.0,1016.5,18.0,0.0,32.0
2024-12-30 15:00:00,10.8,77.0,1016.3,19.8,0.0,20.0
2024-12-30 16:00:00,18.0,83.0,1016.3,17.7,0.0,24.0
2024-12-30 17:00:00,18.0,83.0,1016.4,17.5,0.0,29.0
2024-12-30 18:00:00,7.2,81.0,1015.1,18.6,0.0,50.0
2024-12-30 19:00:00,20.5,82.0,1015.2,17.8,0.0,27.0
2024-12-30 20:00:00,22.0,81.0,1014.5,18.2,0.0,30.0
2024-12-30 21:00:00,10.8,82.0,1014.3,18.3,0.0,20.0
2024-12-30 22:00:00,21.2,78.0,1014.5,18.6,0.0,39.0
2024-12-30 23:00:00,20.5,78.0,1015.0,18.6,0.0,40.0
2024-12-31 00:00:00,7.2,84.0,1014.9,19.1,0.0,20.0
2024-12-31 01:00:00,19.8,74.0,1016.4,19.7,0.0,34.0
2024-12-31 02:00:00,18.7,75.0,1017.2,19.5,0.0,27.0
2024-12-31 03:00:00,14.4,68.0,1016.4,22.7,0.0,20.0
2024-12-31 04:00:00,20.9,73.0,1016.8,20.0,0.0,30.0
2024-12-31 05:00:00,18.0,72.0,1015.7,20.1,0.0,30.0
2024-12-31 06:00:00,7.2,60.0,1013.1,24.6,0.0,50.0
2024-12-31 07:00:00,16.2,71.0,1013.8,20.5,0.0,32.0
2024-12-31 08:00:00,17.3,71.0,1013.6,20.2,0.0,29.0
2024-12-31 09:00:00,10.8,66.0,1011.8,23.0,0.0,20.0
2024-12-31 10:00:00,15.1,73.0,1013.8,19.6,0.0,37.0
2024-12-31 11:00:00,16.6,75.0,1014.3,18.6,0.0,32.0
2024-12-31 12:00:00,7.2,77.0,1014.1,20.2,0.0,20.0
2024-12-31 13:00:00,22.3,76.0,1015.5,17.2,0.0,24.0
2024-12-31 14:00:00,22.0,75.0,1015.9,17.0,0.0,26.0
2024-12-31 15:00:00,3.6,80.0,1015.6,18.7,0.0,50.0
2024-12-31 16:00:00,21.2,74.0,1015.5,16.6,0.0,25.0
2024-12-31 17:00:00,21.2,73.0,1015.0,16.7,0.0,25.0
2024-12-31 18:00:00,7.2,81.0,1014.7,17.6,0.0,20.0
2024-12-31 19:00:00,19.1,73.0,1013.6,16.4,0.0,32.0
2024-12-31 20:00:00,18.7,74.0,1013.1,16.2,0.0,28.0
2024-12-31 21:00:00,7.2,82.0,1013.4,17.2,0.0,20.0
2024-12-31 22:00:00,14.8,75.0,1013.2,16.1,0.0,21.0
2024-12-31 23:00:00,14.4,76.0,1014.0,16.4,0.0,26.0
2025-01-01 00:00:00,10.8,79.0,1014.9,17.8,0.0,20.0
2025-01-01 01:00:00,16.9,73.0,1015.2,18.5,0.0,32.0
2025-01-01 02:00:00,15.1,68.0,1015.4,20.9,0.0,32.0
2025-01-01 03:00:00,3.6,70.0,1015.5,21.2,0.0,90.0
2025-01-01 04:00:00,11.5,66.0,1015.0,21.9,0.0,42.0
2025-01-01 05:00:00,10.1,64.0,1013.9,22.9,0.0,42.0
2025-01-01 06:00:00,10.8,63.0,1011.8,23.8,0.0,20.0
2025-01-01 07:00:00,12.6,60.0,1011.2,25.1,0.0,79.0
2025-01-01 08:00:00,13.0,62.0,1011.0,24.3,0.0,94.0
2025-01-01 09:00:00,3.6,66.0,1010.7,24.1,0.0,110.0
2025-01-01 10:00:00,14.4,67.0,1011.7,22.7,0.0,102.0
2025-01-01 11:00:00,16.2,74.0,1012.5,20.7,0.0,92.0
2025-01-01 12:00:00,3.6,74.0,1012.3,21.2,0.0,70.0
2025-01-01 13:00:00,14.0,82.0,1013.8,18.6,0.0,35.0
2025-01-01 14:00:00,12.2,81.0,1014.1,18.3,0.0,34.0
2025-01-01 15:00:00,3.6,80.0,1013.9,19.4,0.0,90.0
2025-01-01 16:00:00,13.0,86.0,1014.0,17.2,0.0,58.0
2025-01-01 17:00:00,13.3,87.0,1013.7,17.0,0.0,57.0
2025-01-01 18:00:00,3.6,88.0,1013.7,17.8,0.0,90.0
2025-01-01 19:00:00,14.0,83.0,1013.1,17.2,0.0,31.0
2025-01-01 20:00:00,14.8,83.0,1012.8,17.0,0.0,34.0
2025-01-01 21:00:00,0.0,89.0,1013.1,18.2,0.0,0.0
2025-01-01 22:00:00,15.5,82.0,1013.0,17.2,0.0,27.0
2025-01-01 23:00:00,16.6,79.0,1013.2,18.0,0.0,22.0
2025-01-02 00:00:00,0.0,87.0,1014.5,18.4,0.0,0.0
2025-01-02 01:00:00,15.1,76.0,1014.3,19.8,0.0,29.0
2025-01-02 02:00:00,13.0,71.0,1014.7,21.8,0.0,28.0
2025-01-02 03:00:00,0.0,69.0,1013.8,23.6,0.0,0.0
2025-01-02 04:00:00,11.2,63.0,1013.8,25.4,0.0,32.0
2025-01-02 05:00:00,15.1,58.0,1013.2,26.4,0.0,46.0
2025-01-02 06:00:00,7.2,63.0,1012.2,24.6,0.5,20.0
2025-01-02 07:00:00,16.2,67.0,1011.9,24.3,0.4,16.0
2025-01-02 08:00:00,15.5,64.0,1011.5,24.2,0.0,22.0
2025-01-02 09:00:00,7.2,69.0,1011.3,23.7,0.0,20.0
2025-01-02 10:00:00,14.0,70.0,1012.5,22.2,0.0,25.0
2025-01-02 11:00:00,16.6,76.0,1013.0,20.5,0.0,21.0
2025-01-02 12:00:00,3.6,79.0,1013.5,20.3,0.0,50.0
2025-01-02 13:00:00,18.0,80.0,1014.6,18.6,0.0,30.0
2025-01-02 14:00:00,19.1,82.0,1015.1,18.2,0.0,31.0
2025-01-02 15:00:00,3.6,82.0,1014.7,19.0,0.0,70.0
2025-01-02 16:00:00,19.8,83.0,1015.1,17.8,0.0,27.0
2025-01-02 17:00:00,20.5,82.0,1014.6,18.0,0.0,23.0
2025-01-02 18:00:00,7.2,81.0,1013.8,19.0,0.0,20.0
2025-01-02 19:00:00,20.9,82.0,1013.6,18.0,0.0,29.0
2025-01-02 20:00:00,20.2,81.0,1012.7,18.1,0.0,30.0
2025-01-02 21:00:00,3.6,82.0,1013.5,18.0,0.0,20.0
2025-01-02 22:00:00,21.6,81.0,1013.0,18.3,0.0,34.0
2025-01-02 23:00:00,21.6,80.0,1013.7,18.5,0.0,32.0
2025-01-03 00:00:00,10.8,81.0,1014.4,19.0,0.0,20.0
2025-01-03 01:00:00,21.6,72.0,1015.1,20.6,0.0,30.0
2025-01-03 02:00:00,24.1,68.0,1015.5,21.8,0.0,29.0
2025-01-03 03:00:00,18.0,59.0,1015.0,24.4,0.0,20.0
2025-01-03 04:00:00,24.1,62.0,1014.8,23.5,0.0,36.0
2025-01-03 05:00:00,25.2,59.0,1014.2,24.3,0.0,35.0
2025-01-03 06:00:00,18.0,54.0,1012.1,25.6,0.0,20.0
2025-01-03 07:00:00,22.7,60.0,1012.6,23.6,0.0,29.0
2025-01-03 08:00:00,22.7,60.0,1012.3,23.4,0.0,35.0
2025-01-03 09:00:00,14.4,61.0,1012.1,23.7,0.0,50.0
2025-01-03 10:00:00,21.6,69.0,1013.2,20.4,0.0,46.0
2025-01-03 11:00:00,21.6,73.0,1014.1,19.0,0.0,50.0
2025-01-03 12:00:00,7.2,74.0,1014.3,19.2,0.0,50.0
2025-01-03 13:00:00,23.0,77.0,1015.5,17.6,0.0,40.0
2025-01-03 14:00:00,23.0,78.0,1015.4,17.2,0.0,37.0
2025-01-03 15:00:00,7.2,79.0,1016.3,16.9,0.0,50.0
2025-01-03 16:00:00,22.7,79.0,1015.2,16.1,0.0,35.0
2025-01-03 17:00:00,21.6,81.0,1015.4,15.7,0.0,44.0
2025-01-03 18:00:00,3.6,89.0,1015.5,15.8,0.0,50.0
2025-01-03 19:00:00,22.0,82.0,1014.6,15.1,0.0,38.0
2025-01-03 20:00:00,22.3,83.0,1013.7,14.8,0.0,35.0
2025-01-03 21:00:00,3.6,92.0,1014.5,15.0,0.0,50.0
2025-01-03 22:00:00,22.0,87.0,1013.4,15.4,0.0,33.0
2025-01-03 23:00:00,22.3,86.0,1014.0,15.1,0.0,29.0
2025-01-04 00:00:00,7.2,92.0,1016.1,14.9,0.0,20.0
2025-01-04 01:00:00,20.9,73.0,1015.5,17.7,0.0,25.0
2025-01-04 02:00:00,17.3,67.0,1015.9,19.8,0.0,39.0
2025-01-04 03:00:00,18.0,66.0,1015.7,21.1,0.0,20.0
2025-01-04 04:00:00,15.1,57.0,1015.1,23.3,0.0,47.0
2025-01-04 05:00:00,14.0,54.0,1014.2,24.3,0.0,50.0
2025-01-04 06:00:00,3.6,54.0,1011.8,25.4,0.0,90.0
2025-01-04 07:00:00,15.5,50.0,1012.2,25.0,0.0,80.0
2025-01-04 08:00:00,11.9,49.0,1011.7,24.7,0.0,72.0
2025-01-04 09:00:00,10.8,54.0,1010.8,25.3,0.0,70.0
2025-01-04 10:00:00,18.0,62.0,1012.6,20.9,0.0,88.0
2025-01-04 11:00:00,19.4,71.0,1014.1,18.4,0.0,78.0
2025-01-04 12:00:00,10.8,78.0,1015.3,17.2,0.0,90.0
2025-01-04 13:00:00,19.4,82.0,1016.4,15.7,0.0,57.0
2025-01-04 14:00:00,18.4,83.0,1016.0,15.2,0.0,30.0
2025-01-04 15:00:00,3.6,88.0,1017.0,15.2,0.0,20.0
2025-01-04 16:00:00,17.3,81.0,1015.8,14.5,0.0,20.0
2025-01-04 17:00:00,16.6,78.0,1015.6,14.4,0.0,20.0
2025-01-04 18:00:00,7.2,93.0,1017.0,14.0,0.0,20.0
2025-01-04 19:00:00,16.2,72.0,1015.1,14.0,0.0,28.0
2025-01-04 20:00:00,18.0,67.0,1014.5,14.1,0.0,24.0
2025-01-04 21:00:00,3.6,92.0,1016.8,13.6,0.0,50.0
2025-01-04 22:00:00,20.5,66.0,1015.3,14.3,0.0,25.0
2025-01-04 23:00:00,23.0,77.0,1015.9,14.0,0.0,21.0
2025-01-05 00:00:00,7.2,83.0,1018.5,14.5,0.0,20.0
2025-01-05 01:00:00,20.9,70.0,1017.3,17.0,0.0,22.0
2025-01-05 02:00:00,19.4,66.0,1017.4,19.4,0.0,22.0
2025-01-05 03:00:00,7.2,54.0,1017.2,21.8,0.0,20.0
2025-01-05 04:00:00,18.4,56.0,1016.6,22.8,0.0,28.0
2025-01-05 05:00:00,17.6,53.0,1015.5,23.7,0.0,30.0
2025-01-05 06:00:00,0.0,50.0,1012.6,25.0,0.0,0.0
2025-01-05 07:00:00,15.8,50.0,1013.1,24.6,0.0,24.0
2025-01-05 08:00:00,16.9,51.0,1012.6,24.0,0.0,34.0
2025-01-05 09:00:00,7.2,52.0,1011.2,25.5,0.0,70.0
2025-01-05 10:00:00,15.1,61.0,1013.5,20.8,0.0,53.0
2025-01-05 11:00:00,15.5,69.0,1014.4,18.7,0.0,66.0
2025-01-05 12:00:00,7.2,72.0,1015.3,18.5,0.0,90.0
2025-01-05 13:00:00,18.4,80.0,1015.9,16.0,0.0,56.0
2025-01-05 14:00:00,17.6,84.0,1016.6,15.2,0.0,52.0
2025-01-05 15:00:00,7.2,81.0,1017.6,15.7,0.0,90.0
2025-01-05 16:00:00,18.0,89.0,1016.3,14.2,0.0,50.0
2025-01-05 17:00:00,18.7,88.0,1016.2,14.0,0.0,53.0
2025-01-05 18:00:00,7.2,87.0,1016.5,13.8,0.0,50.0
2025-01-05 19:00:00,18.7,91.0,1015.0,13.7,0.0,37.0
2025-01-05 20:00:00,19.4,92.0,1014.6,13.7,0.0,32.0
2025-01-05 21:00:00,0.0,92.0,1016.0,11.6,0.0,0.0
2025-01-05 22:00:00,18.7,93.0,1014.9,13.5,0.0,32.0
2025-01-05 23:00:00,18.0,92.0,1015.3,13.4,0.0,30.0
2025-01-06 00:00:00,0.0,95.0,1018.5,11.2,0.0,0.0
2025-01-06 01:00:00,18.0,76.0,1016.9,16.9,0.0,35.0
2025-01-06 02:00:00,17.6,67.0,1017.0,19.5,0.0,42.0
2025-01-06 03:00:00,10.8,61.0,1016.7,20.8,0.0,20.0
2025-01-06 04:00:00,15.8,56.0,1015.9,23.4,0.0,67.0
2025-01-06 05:00:00,15.8,53.0,1015.2,23.9,0.0,80.0
2025-01-06 06:00:00,7.2,46.0,1012.4,26.0,0.0,90.0
2025-01-06 07:00:00,15.5,52.0,1013.3,24.0,0.0,86.0
2025-01-06 08:00:00,14.8,54.0,1013.1,23.3,0.0,90.0
2025-01-06 09:00:00,10.8,48.0,1011.1,25.6,0.0,90.0
2025-01-06 10:00:00,14.0,59.0,1013.6,21.1,0.0,85.0
2025-01-06 11:00:00,15.1,68.0,1014.2,18.9,0.0,83.0
2025-01-06 12:00:00,3.6,76.0,1015.3,18.6,0.0,90.0
2025-01-06 13:00:00,16.9,82.0,1015.6,16.4,0.0,72.0
2025-01-06 14:00:00,17.3,87.0,1015.9,15.6,0.0,72.0
2025-01-06 15:00:00,3.6,79.0,1017.1,15.6,0.0,70.0
2025-01-06 16:00:00,17.6,91.0,1016.3,14.4,0.0,63.0
2025-01-06 17:00:00,17.3,91.0,1016.0,14.2,0.0,51.0
2025-01-06 18:00:00,0.0,92.0,1016.5,14.0,0.0,0.0
2025-01-06 19:00:00,15.8,92.0,1014.9,13.7,0.0,38.0
2025-01-06 20:00:00,15.1,91.0,1014.8,13.6,0.0,36.0
2025-01-06 21:00:00,3.6,94.0,1016.1,13.0,0.0,90.0
2025-01-06 22:00:00,15.5,93.0,1014.8,13.0,0.0,41.0
2025-01-06 23:00:00,15.5,94.0,1015.1,12.8,0.0,47.0
2025-01-07 00:00:00,3.6,95.0,1018.3,12.6,0.0,70.0
2025-01-07 01:00:00,14.0,76.0,1016.4,17.3,0.0,60.0
2025-01-07 02:00:00,14.0,64.0,1017.0,20.6,0.0,62.0
2025-01-07 03:00:00,7.2,60.0,1016.3,21.8,0.0,50.0
2025-01-07 04:00:00,12.2,53.0,1015.7,24.1,0.0,75.0
2025-01-07 05:00:00,11.2,52.0,1014.9,24.9,0.0,91.0
2025-01-07 06:00:00,0.0,42.0,1012.3,26.8,0.0,0.0
2025-01-07 07:00:00,9.7,49.0,1012.3,25.6,0.0,106.0
2025-01-07 08:00:00,9.7,49.0,1011.6,25.5,0.0,110.0
2025-01-07 09:00:00,7.2,48.0,1010.1,27.3,0.0,160.0
2025-01-07 10:00:00,19.4,68.0,1012.9,21.0,0.0,106.0
2025-01-07 11:00:00,18.0,78.0,1013.7,18.5,0.0,84.0
2025-01-07 12:00:00,10.8,77.0,1014.2,19.3,0.0,90.0
2025-01-07 13:00:00,16.9,91.0,1015.4,17.2,0.0,79.0
2025-01-07 14:00:00,16.9,93.0,1015.8,16.6,0.0,75.0
2025-01-07 15:00:00,10.8,86.0,1017.5,16.8,0.0,90.0
2025-01-07 16:00:00,16.2,95.0,1015.7,15.5,0.0,63.0
2025-01-07 17:00:00,16.9,95.0,1015.8,15.4,0.0,58.0
2025-01-07 18:00:00,3.6,90.0,1015.8,15.0,0.0,70.0
2025-01-07 19:00:00,15.5,96.0,1014.5,14.7,0.0,47.0
2025-01-07 20:00:00,15.1,97.0,1013.9,14.3,0.0,36.0
2025-01-07 21:00:00,15.1,98.0,1014.0,13.9,0.0,42.0
2025-01-07 22:00:00,15.5,96.0,1013.9,14.0,0.0,35.0
2025-01-07 23:00:00,15.1,96.0,1014.5,13.9,0.0,43.0
2025-01-08 00:00:00,3.6,91.0,1017.0,13.4,0.0,70.0
2025-01-08 01:00:00,13.7,81.0,1016.2,17.6,0.0,53.0
2025-01-08 02:00:00,12.6,67.0,1016.4,20.2,0.0,53.0
2025-01-08 03:00:00,10.8,56.0,1016.1,21.2,0.0,20.0
2025-01-08 04:00:00,12.6,47.0,1015.3,24.4,0.0,63.0
2025-01-08 05:00:00,13.7,43.0,1014.4,25.4,0.0,79.0
2025-01-08 06:00:00,7.2,41.0,1011.6,27.6,0.0,110.0
2025-01-08 07:00:00,14.4,47.0,1012.8,25.4,0.0,87.0
2025-01-08 08:00:00,15.1,47.0,1012.8,25.2,0.0,78.0
2025-01-08 09:00:00,10.8,47.0,1011.4,26.5,0.0,90.0
2025-01-08 10:00:00,14.4,53.0,1013.4,22.4,0.0,74.0
2025-01-08 11:00:00,15.8,63.0,1014.4,20.4,0.0,78.0
2025-01-08 12:00:00,7.2,75.0,1015.0,19.7,0.0,70.0
2025-01-08 13:00:00,19.4,77.0,1016.5,17.9,0.0,70.0
2025-01-08 14:00:00,19.1,82.0,1016.9,17.3,0.0,66.0
2025-01-08 15:00:00,3.6,85.0,1017.5,17.3,0.0,90.0
2025-01-08 16:00:00,19.1,84.0,1016.7,16.6,0.0,57.0
2025-01-08 17:00:00,18.4,86.0,1016.4,16.2,0.0,54.0
2025-01-08 18:00:00,3.6,88.0,1017.0,15.5,0.0,70.0
2025-01-08 19:00:00,18.7,90.0,1015.2,15.6,0.0,43.0
2025-01-08 20:00:00,18.7,93.0,1015.0,15.4,0.0,41.0
2025-01-08 21:00:00,3.6,92.0,1016.4,14.1,0.0,70.0
2025-01-08 22:00:00,18.4,92.0,1015.6,15.4,0.0,42.0
2025-01-08 23:00:00,18.0,89.0,1015.7,15.7,0.0,43.0
2025-01-09 00:00:00,0.0,95.0,1018.3,13.8,0.0,0.0
2025-01-09 01:00:00,17.6,75.0,1017.0,18.9,0.0,44.0
2025-01-09 02:00:00,17.3,68.0,1017.6,20.9,0.0,56.0
2025-01-09 03:00:00,3.6,62.0,1016.4,23.4,0.0,70.0
2025-01-09 04:00:00,19.8,55.0,1016.3,24.4,0.0,67.0
2025-01-09 05:00:00,18.4,52.0,1015.0,25.2,0.0,66.0
2025-01-09 06:00:00,10.8,46.0,1012.1,28.0,0.0,70.0
2025-01-09 07:00:00,17.6,49.0,1013.1,25.9,0.0,73.0
2025-01-09 08:00:00,18.0,50.0,1013.0,25.5,0.0,72.0
2025-01-09 09:00:00,10.8,51.0,1011.5,27.0,0.0,90.0
2025-01-09 10:00:00,19.8,66.0,1014.9,21.9,0.0,67.0
2025-01-09 11:00:00,20.2,72.0,1016.2,20.2,0.0,70.0
2025-01-09 12:00:00,7.2,76.0,1017.0,19.6,0.0,90.0
2025-01-09 13:00:00,22.0,82.0,1018.0,18.3,0.0,59.0
2025-01-09 14:00:00,22.3,82.0,1018.9,18.1,0.0,58.0
2025-01-09 15:00:00,3.6,84.0,1019.2,17.2,0.0,70.0
2025-01-09 16:00:00,23.0,83.0,1018.9,17.6,0.0,56.0
2025-01-09 17:00:00,22.7,82.0,1018.5,17.4,0.0,53.0
2025-01-09 18:00:00,3.6,87.0,1019.2,16.9,0.0,90.0
2025-01-09 19:00:00,23.8,80.0,1017.5,17.3,0.0,51.0
2025-01-09 20:00:00,23.8,79.0,1017.3,17.0,0.0,49.0
2025-01-09 21:00:00,24.1,81.0,1017.5,16.7,0.0,48.0
2025-01-09 22:00:00,24.8,81.0,1017.6,16.8,0.0,43.0
2025-01-09 23:00:00,25.2,80.0,1018.2,17.0,0.0,42.0
2025-01-10 00:00:00,7.2,79.0,1020.5,16.7,0.0,70.0
2025-01-10 01:00:00,27.4,73.0,1020.1,18.8,0.0,50.0
2025-01-10 02:00:00,28.8,65.0,1020.4,20.5,0.0,49.0
2025-01-10 03:00:00,7.2,55.0,1019.0,23.6,0.0,50.0
2025-01-10 04:00:00,29.5,56.0,1019.9,22.4,0.0,52.0
2025-01-10 05:00:00,28.1,52.0,1019.1,23.4,0.0,52.0
2025-01-10 06:00:00,10.8,51.0,1016.3,26.0,0.0,70.0
2025-01-10 07:00:00,24.5,54.0,1017.2,23.1,0.0,54.0
2025-01-10 08:00:00,24.8,53.0,1016.8,22.8,0.0,52.0
2025-01-10 09:00:00,25.2,58.0,1017.7,20.9,0.0,20.0
2025-01-10 10:00:00,24.5,64.0,1018.4,18.9,0.0,47.0
2025-01-10 11:00:00,25.2,70.0,1019.1,17.6,0.0,48.0
2025-01-10 12:00:00,3.6,74.0,1020.5,16.8,0.0,70.0
2025-01-10 13:00:00,27.0,74.0,1020.1,16.5,0.0,42.0
2025-01-10 14:00:00,27.7,74.0,1020.4,16.2,0.0,42.0
2025-01-10 15:00:00,7.2,80.0,1021.2,16.0,0.0,50.0
2025-01-10 16:00:00,28.4,76.0,1020.1,15.8,0.0,38.0
2025-01-10 17:00:00,28.4,79.0,1019.9,15.8,0.0,37.0
2025-01-10 18:00:00,7.2,80.0,1020.0,15.4,0.0,50.0
2025-01-10 19:00:00,29.5,81.0,1018.5,15.8,0.0,37.0
2025-01-10 20:00:00,30.6,77.0,1018.0,15.2,0.0,37.0
2025-01-10 21:00:00,7.2,82.0,1019.3,15.2,0.0,50.0
2025-01-10 22:00:00,31.7,78.0,1018.4,15.2,0.0,36.0
2025-01-10 23:00:00,32.0,81.0,1019.2,15.3,0.0,37.0
2025-01-11 00:00:00,10.8,75.0,1020.8,15.8,0.0,20.0
2025-01-11 01:00:00,35.3,75.0,1021.3,16.8,0.0,38.0
2025-01-11 02:00:00,35.6,65.0,1021.7,18.7,0.0,41.0
2025-01-11 03:00:00,21.6,58.0,1021.9,20.7,0.0,20.0
2025-01-11 04:00:00,32.8,56.0,1020.7,21.2,0.0,44.0
2025-01-11 05:00:00,32.0,52.0,1019.7,22.0,0.0,46.0
2025-01-11 06:00:00,32.4,55.0,1018.7,21.8,0.0,20.0
2025-01-11 07:00:00,28.8,52.0,1018.0,22.3,0.0,50.0
2025-01-11 08:00:00,28.1,55.0,1018.2,21.4,0.0,49.0
2025-01-11 09:00:00,18.0,59.0,1018.8,20.6,0.0,20.0
2025-01-11 10:00:00,26.6,66.0,1019.1,18.0,0.0,47.0
2025-01-11 11:00:00,28.8,71.0,1019.5,16.8,0.0,42.0
2025-01-11 12:00:00,18.0,74.0,1021.4,15.6,0.0,50.0
2025-01-11 13:00:00,29.5,74.0,1020.9,15.1,0.0,36.0
2025-01-11 14:00:00,31.3,73.0,1021.2,14.8,0.0,34.0
2025-01-11 15:00:00,14.4,73.0,1023.5,14.8,0.0,50.0
2025-01-11 16:00:00,31.7,74.0,1020.7,14.3,0.0,31.0
2025-01-11 17:00:00,32.4,77.0,1021.0,14.4,0.0,34.0
2025-01-11 18:00:00,14.4,75.0,1021.8,14.1,0.0,20.0
2025-01-11 19:00:00,32.4,79.0,1019.1,14.3,0.0,31.0
2025-01-11 20:00:00,32.8,77.0,1018.4,14.3,0.0,33.0
2025-01-11 21:00:00,7.2,76.0,1020.8,13.2,0.0,20.0
2025-01-11 22:00:00,31.0,76.0,1018.5,13.9,0.0,32.0
2025-01-11 23:00:00,28.8,77.0,1018.8,13.4,0.0,34.0
2025-01-12 00:00:00,7.2,78.0,1021.2,13.2,0.0,50.0
2025-01-12 01:00:00,27.4,71.0,1019.9,14.9,0.0,32.0
2025-01-12 02:00:00,26.6,64.0,1020.3,16.9,0.0,36.0
2025-01-12 03:00:00,25.2,55.0,1020.4,19.1,0.0,20.0
2025-01-12 04:00:00,25.2,50.0,1020.0,20.4,0.0,45.0
2025-01-12 05:00:00,23.0,48.0,1018.7,21.4,0.0,51.0
2025-01-12 06:00:00,18.0,50.0,1017.4,21.5,0.0,20.0
2025-01-12 07:00:00,22.0,47.0,1015.9,21.7,0.0,42.0
2025-01-12 08:00:00,21.6,48.0,1015.6,21.2,0.0,35.0
2025-01-12 09:00:00,18.0,49.0,1017.1,20.0,0.0,20.0
2025-01-12 10:00:00,17.6,57.0,1016.6,18.3,0.0,56.0
2025-01-12 11:00:00,17.3,66.0,1017.6,15.9,0.0,63.0
2025-01-12 12:00:00,14.4,68.0,1019.5,15.0,0.0,20.0
2025-01-12 13:00:00,20.9,72.0,1019.2,13.4,0.0,45.0
2025-01-12 14:00:00,22.3,77.0,1019.8,12.7,0.0,45.0
2025-01-12 15:00:00,7.2,79.0,1021.4,12.8,0.0,50.0
2025-01-12 16:00:00,24.5,77.0,1019.5,11.8,0.0,36.0
2025-01-12 17:00:00,24.1,77.0,1019.0,11.5,0.0,34.0
2025-01-12 18:00:00,7.2,77.0,1020.0,11.9,0.0,50.0
2025-01-12 19:00:00,23.8,80.0,1017.5,11.3,0.0,36.0
2025-01-12 20:00:00,23.0,82.0,1016.8,11.3,0.0,34.0
2025-01-12 21:00:00,7.2,80.0,1018.5,11.7,0.0,50.0
2025-01-12 22:00:00,21.6,84.0,1016.8,11.3,0.0,33.0
2025-01-12 23:00:00,20.9,86.0,1017.5,11.6,0.0,37.0
2025-01-13 00:00:00,7.2,82.0,1019.5,12.2,0.0,50.0
2025-01-13 01:00:00,20.2,75.0,1018.2,14.8,0.0,33.0
2025-01-13 02:00:00,17.6,65.0,1018.2,17.7,0.0,39.0
2025-01-13 03:00:00,10.8,63.0,1018.6,18.8,0.0,50.0
2025-01-13 04:00:00,19.1,53.0,1017.1,22.3,0.0,79.0
2025-01-13 05:00:00,19.4,53.0,1016.4,22.8,0.0,86.0
2025-01-13 06:00:00,14.4,48.0,1013.2,25.8,0.0,70.0
2025-01-13 07:00:00,18.4,53.0,1014.0,23.2,0.0,87.0
2025-01-13 08:00:00,19.4,56.0,1013.7,22.2,0.0,92.0
2025-01-13 09:00:00,7.2,47.0,1012.0,25.7,0.0,90.0
2025-01-13 10:00:00,22.3,67.0,1014.9,19.1,0.0,78.0
2025-01-13 11:00:00,20.2,73.0,1015.5,17.6,0.0,59.0
2025-01-13 12:00:00,7.2,79.0,1017.4,16.9,0.0,70.0
2025-01-13 13:00:00,16.9,79.0,1016.7,16.0,0.0,42.0
2025-01-13 14:00:00,14.8,81.0,1017.1,15.7,0.0,38.0
2025-01-13 15:00:00,7.2,83.0,1018.8,14.9,0.0,20.0
2025-01-13 16:00:00,15.1,83.0,1016.3,15.5,0.0,43.0
2025-01-13 17:00:00,14.8,83.0,1016.5,15.6,0.0,47.0
2025-01-13 18:00:00,3.6,92.0,1017.0,14.7,0.0,50.0
2025-01-13 19:00:00,15.1,82.0,1015.0,16.1,0.0,34.0
2025-01-13 20:00:00,12.6,84.0,1014.7,16.1,0.0,34.0
2025-01-13 21:00:00,0.0,95.0,1016.1,14.3,0.0,0.0
2025-01-13 22:00:00,11.9,87.0,1014.9,16.3,0.0,32.0
2025-01-13 23:00:00,12.6,87.0,1015.3,16.4,0.0,29.0
2025-01-14 00:00:00,0.0,93.0,1017.2,15.2,0.0,0.0
2025-01-14 01:00:00,13.3,74.0,1016.4,20.4,0.0,36.0
2025-01-14 02:00:00,13.0,67.0,1016.9,22.7,0.0,42.0
2025-01-14 03:00:00,14.4,64.0,1015.7,25.2,0.0,20.0
2025-01-14 04:00:00,21.2,57.0,1015.8,26.5,0.0,80.0
2025-01-14 05:00:00,20.2,54.0,1014.8,27.1,0.0,78.0
2025-01-14 06:00:00,14.4,51.0,1012.1,29.8,0.0,90.0
2025-01-14 07:00:00,20.2,54.0,1013.1,27.1,0.0,73.0
2025-01-14 08:00:00,19.4,57.0,1012.8,26.3,0.0,69.0
2025-01-14 09:00:00,7.2,62.0,1012.0,27.0,0.0,90.0
2025-01-14 10:00:00,15.5,72.0,1014.6,22.8,0.0,73.0
2025-01-14 11:00:00,14.4,86.0,1015.2,21.0,0.4,58.0
2025-01-14 12:00:00,3.6,80.0,1015.6,21.9,0.2,70.0
2025-01-14 13:00:00,14.0,88.0,1016.6,19.9,0.0,41.0
2025-01-14 14:00:00,14.4,87.0,1017.1,19.6,0.0,38.0
2025-01-14 15:00:00,3.6,82.0,1017.2,20.8,0.0,50.0
2025-01-14 16:00:00,16.9,85.0,1017.1,18.7,0.0,36.0
2025-01-14 17:00:00,17.6,86.0,1017.0,18.5,0.0,40.0
2025-01-14 18:00:00,3.6,91.0,1016.6,18.6,0.0,70.0
2025-01-14 19:00:00,18.4,87.0,1015.9,18.6,0.0,37.0
2025-01-14 20:00:00,17.6,88.0,1014.9,18.8,0.0,24.0
2025-01-14 21:00:00,7.2,92.0,1015.6,18.2,0.0,50.0
2025-01-14 22:00:00,18.7,87.0,1015.4,18.9,0.0,34.0
2025-01-14 23:00:00,18.7,86.0,1015.9,19.2,0.0,37.0
2025-01-15 00:00:00,3.6,95.0,1017.1,17.7,0.0,70.0
2025-01-15 01:00:00,19.4,72.0,1017.2,22.2,0.0,37.0
2025-01-15 02:00:00,21.6,67.0,1017.5,23.9,0.0,36.0
2025-01-15 03:00:00,18.0,63.0,1015.7,25.5,0.0,20.0
2025-01-15 04:00:00,24.8,58.0,1016.9,26.4,0.0,46.0
2025-01-15 05:00:00,23.8,58.0,1016.6,26.6,0.0,52.0
2025-01-15 06:00:00,3.6,61.0,1013.4,27.2,0.2,70.0
2025-01-15 07:00:00,24.8,60.0,1014.1,26.0,0.0,57.0
2025-01-15 08:00:00,24.1,62.0,1013.7,25.5,0.0,56.0
2025-01-15 09:00:00,14.4,65.0,1012.8,26.0,0.0,70.0
2025-01-15 10:00:00,22.7,69.0,1014.0,23.2,0.0,50.0
2025-01-15 11:00:00,24.1,74.0,1014.9,21.6,0.0,47.0
2025-01-15 12:00:00,10.8,72.0,1016.1,21.5,0.0,50.0
2025-01-15 13:00:00,24.5,75.0,1016.8,20.4,0.0,46.0
2025-01-15 14:00:00,26.3,76.0,1017.1,20.0,0.0,44.0
2025-01-15 15:00:00,7.2,81.0,1017.7,19.7,0.0,50.0
2025-01-15 16:00:00,25.2,76.0,1017.3,19.4,0.0,46.0
2025-01-15 17:00:00,26.6,77.0,1017.6,18.8,0.0,46.0
2025-01-15 18:00:00,3.6,83.0,1017.3,18.7,0.0,50.0
2025-01-15 19:00:00,26.6,79.0,1016.3,18.3,0.0,44.0
2025-01-15 20:00:00,26.6,79.0,1015.8,18.1,0.0,43.0
2025-01-15 21:00:00,3.6,82.0,1016.3,18.2,0.0,70.0
2025-01-15 22:00:00,28.1,78.0,1015.7,18.5,0.0,50.0
2025-01-15 23:00:00,28.8,78.0,1016.2,18.5,0.0,48.0
2025-01-16 00:00:00,25.2,81.0,1017.1,19.0,0.0,20.0
2025-01-16 01:00:00,29.2,73.0,1017.3,19.6,0.0,40.0
2025-01-16 02:00:00,29.9,67.0,1018.1,20.8,0.0,47.0
2025-01-16 03:00:00,28.8,58.0,1018.0,23.0,0.0,20.0
2025-01-16 04:00:00,33.5,58.0,1018.0,23.0,0.0,48.0
2025-01-16 05:00:00,31.0,56.0,1017.3,23.7,0.0,47.0
2025-01-16 06:00:00,21.6,54.0,1015.4,23.5,0.0,20.0
2025-01-16 07:00:00,27.0,57.0,1015.3,23.6,0.0,45.0
2025-01-16 08:00:00,24.8,59.0,1015.5,22.6,0.0,46.0
2025-01-16 09:00:00,10.8,60.0,1015.0,23.0,0.0,50.0
2025-01-16 10:00:00,22.3,67.0,1016.5,19.9,0.0,48.0
2025-01-16 11:00:00,22.7,72.0,1017.1,18.4,0.0,46.0
2025-01-16 12:00:00,14.4,76.0,1018.7,18.2,0.0,20.0
2025-01-16 13:00:00,26.3,78.0,1018.3,17.1,0.0,41.0
2025-01-16 14:00:00,26.3,80.0,1018.2,16.8,0.0,41.0
2025-01-16 15:00:00,7.2,80.0,1019.0,17.5,0.0,70.0
2025-01-16 16:00:00,27.4,80.0,1018.0,16.7,0.0,41.0
2025-01-16 17:00:00,27.0,81.0,1017.8,16.5,0.0,42.0
2025-01-16 18:00:00,3.6,84.0,1018.6,16.2,0.0,50.0
2025-01-16 19:00:00,24.8,82.0,1017.0,16.1,0.0,50.0
2025-01-16 20:00:00,24.1,82.0,1016.4,16.0,0.0,50.0
2025-01-16 21:00:00,3.6,89.0,1017.6,15.7,0.0,70.0
2025-01-16 22:00:00,24.1,82.0,1016.6,15.7,0.0,45.0
2025-01-16 23:00:00,23.8,80.0,1016.9,15.7,0.0,42.0
2025-01-17 00:00:00,7.2,92.0,1018.5,15.6,0.0,70.0
2025-01-17 01:00:00,21.2,74.0,1017.8,17.6,0.0,42.0
2025-01-17 02:00:00,18.7,68.0,1018.2,19.5,0.0,57.0
2025-01-17 03:00:00,14.4,61.0,1017.6,22.0,0.0,20.0
2025-01-17 04:00:00,19.1,55.0,1017.4,22.5,0.0,65.0
2025-01-17 05:00:00,18.7,53.0,1016.2,23.4,0.0,68.0
2025-01-17 06:00:00,7.2,52.0,1013.8,24.0,0.0,70.0
2025-01-17 07:00:00,17.3,53.0,1013.9,23.7,0.0,67.0
2025-01-17 08:00:00,18.0,55.0,1013.2,23.0,0.0,68.0
2025-01-17 09:00:00,10.8,61.0,1013.1,22.6,0.0,50.0
2025-01-17 10:00:00,19.4,67.0,1014.2,19.4,0.0,79.0
2025-01-17 11:00:00,20.2,75.0,1014.8,17.2,0.0,78.0
2025-01-17 12:00:00,7.2,80.0,1016.1,16.5,0.0,70.0
2025-01-17 13:00:00,20.2,83.0,1016.1,15.3,0.0,65.0
2025-01-17 14:00:00,20.2,86.0,1016.9,14.6,0.0,62.0
2025-01-17 15:00:00,3.6,92.0,1017.9,14.6,0.0,90.0
2025-01-17 16:00:00,20.5,86.0,1016.8,13.9,0.0,58.0
2025-01-17 17:00:00,19.8,87.0,1016.2,13.7,0.0,60.0
2025-01-17 18:00:00,3.6,94.0,1016.5,13.7,0.0,70.0
2025-01-17 19:00:00,19.4,89.0,1014.5,13.1,0.0,53.0
2025-01-17 20:00:00,19.4,91.0,1014.0,12.9,0.0,60.0
2025-01-17 21:00:00,3.6,94.0,1015.4,13.2,0.0,50.0
2025-01-17 22:00:00,16.9,92.0,1014.4,12.6,0.0,65.0
2025-01-17 23:00:00,17.3,94.0,1015.0,12.5,0.0,62.0
2025-01-18 00:00:00,3.6,97.0,1017.4,12.0,0.0,20.0
2025-01-18 01:00:00,15.5,78.0,1016.2,16.2,0.0,45.0
2025-01-18 02:00:00,13.0,68.0,1016.4,18.9,0.0,50.0
2025-01-18 03:00:00,7.2,69.0,1016.8,19.7,0.0,20.0
2025-01-18 04:00:00,10.8,55.0,1015.8,23.3,0.0,82.0
2025-01-18 05:00:00,11.2,51.0,1015.5,24.5,0.0,111.0
2025-01-18 06:00:00,7.2,53.0,1012.7,25.0,0.0,90.0
2025-01-18 07:00:00,11.2,49.0,1013.2,25.4,0.0,126.0
2025-01-18 08:00:00,14.4,52.0,1012.5,24.5,0.0,129.0
2025-01-18 09:00:00,7.2,49.0,1011.1,25.7,0.0,70.0
2025-01-18 10:00:00,19.1,63.0,1013.2,20.7,0.0,105.0
2025-01-18 11:00:00,19.1,71.0,1013.8,18.8,0.0,94.0
2025-01-18 12:00:00,10.8,76.0,1014.8,17.2,0.0,70.0
2025-01-18 13:00:00,18.7,83.0,1014.8,16.0,0.0,83.0
2025-01-18 14:00:00,18.0,89.0,1015.0,15.2,0.0,75.0
2025-01-18 15:00:00,3.6,86.0,1016.4,15.1,0.0,90.0
2025-01-18 16:00:00,17.3,93.0,1015.6,14.4,0.0,75.0
2025-01-18 17:00:00,17.3,94.0,1015.3,14.0,0.0,64.0
2025-01-18 18:00:00,7.2,93.0,1015.8,13.7,0.0,20.0
2025-01-18 19:00:00,15.8,93.0,1014.2,13.4,0.0,45.0
2025-01-18 20:00:00,16.6,94.0,1013.5,12.9,0.0,59.0
2025-01-18 21:00:00,3.6,94.0,1015.6,12.5,0.0,50.0
2025-01-18 22:00:00,16.2,93.0,1013.4,12.1,0.0,58.0
2025-01-18 23:00:00,16.6,93.0,1013.8,11.7,0.0,57.0
2025-01-19 00:00:00,3.6,93.0,1017.0,11.7,0.0,50.0
2025-01-19 01:00:00,15.8,69.0,1016.2,16.0,0.0,41.0
2025-01-19 02:00:00,15.5,59.0,1016.6,18.9,0.0,40.0
2025-01-19 03:00:00,7.2,69.0,1016.2,19.6,0.0,50.0
2025-01-19 04:00:00,10.4,44.0,1015.2,23.7,0.0,54.0
2025-01-19 05:00:00,10.4,40.0,1013.8,25.2,0.0,69.0
2025-01-19 06:00:00,7.2,43.0,1011.3,27.0,0.0,90.0
2025-01-19 07:00:00,12.2,39.0,1011.3,26.2,0.0,103.0
2025-01-19 08:00:00,13.3,42.0,1010.6,25.8,0.0,106.0
2025-01-19 09:00:00,3.6,43.0,1009.5,27.2,0.0,90.0
2025-01-19 10:00:00,17.6,56.0,1011.3,21.6,0.0,99.0
2025-01-19 11:00:00,18.7,65.0,1012.3,19.2,0.0,95.0
2025-01-19 12:00:00,7.2,69.0,1013.5,18.6,0.0,90.0
2025-01-19 13:00:00,18.4,76.0,1013.3,16.3,0.0,82.0
2025-01-19 14:00:00,18.0,81.0,1013.5,15.2,0.0,79.0
2025-01-19 15:00:00,7.2,80.0,1015.0,15.0,0.0,90.0
2025-01-19 16:00:00,17.6,93.0,1013.8,13.4,0.0,89.0
2025-01-19 17:00:00,17.3,87.0,1014.2,13.5,0.0,89.0
2025-01-19 18:00:00,3.6,90.0,1014.4,13.6,0.0,90.0
2025-01-19 19:00:00,16.6,92.0,1012.8,12.5,0.0,83.0
2025-01-19 20:00:00,15.8,92.0,1012.3,12.1,0.0,86.0
2025-01-19 21:00:00,7.2,93.0,1014.2,12.5,0.0,50.0
2025-01-19 22:00:00,15.5,97.0,1012.0,12.0,0.0,70.0
2025-01-19 23:00:00,15.8,97.0,1012.5,11.7,0.0,72.0
2025-01-20 00:00:00,3.6,97.0,1015.6,11.2,0.0,90.0
2025-01-20 01:00:00,13.3,79.0,1014.0,15.6,0.0,75.0
2025-01-20 02:00:00,11.9,60.0,1014.5,19.3,0.0,74.0
2025-01-20 03:00:00,7.2,64.0,1014.7,21.0,0.0,70.0
2025-01-20 04:00:00,10.4,44.0,1014.2,22.6,0.0,74.0
2025-01-20 05:00:00,10.1,42.0,1013.4,23.9,0.0,84.0
2025-01-20 06:00:00,3.6,39.0,1010.7,25.2,0.0,70.0
2025-01-20 07:00:00,10.1,41.0,1011.0,25.1,0.0,109.0
2025-01-20 08:00:00,8.6,43.0,1010.4,25.3,0.0,114.0
2025-01-20 09:00:00,10.8,45.0,1009.3,26.2,0.0,140.0
2025-01-20 10:00:00,13.0,53.0,1010.7,23.5,0.0,107.0
2025-01-20 11:00:00,13.0,65.0,1011.5,19.8,0.0,102.0
2025-01-20 12:00:00,3.6,85.0,1013.3,17.7,0.0,110.0
2025-01-20 13:00:00,17.6,80.0,1013.7,16.1,0.0,112.0
2025-01-20 14:00:00,16.9,89.0,1014.3,14.8,0.0,103.0
2025-01-20 15:00:00,7.2,89.0,1015.1,15.1,0.0,90.0
2025-01-20 16:00:00,18.4,97.0,1014.7,13.6,0.0,91.0
2025-01-20 17:00:00,18.4,98.0,1014.7,13.2,0.0,85.0
2025-01-20 18:00:00,7.2,96.0,1015.2,13.6,0.0,90.0
2025-01-20 19:00:00,18.0,97.0,1014.2,12.7,0.0,92.0
2025-01-20 20:00:00,17.6,97.0,1013.5,12.4,0.0,82.0
2025-01-20 21:00:00,7.2,97.0,1015.3,12.2,0.0,90.0
2025-01-20 22:00:00,16.2,96.0,1013.4,11.9,0.0,66.0
2025-01-20 23:00:00,15.5,99.0,1014.3,12.5,0.0,55.0
2025-01-21 00:00:00,3.6,98.0,1016.8,11.7,0.0,70.0
2025-01-21 01:00:00,13.0,82.0,1015.5,15.8,0.0,66.0
2025-01-21 02:00:00,11.9,61.0,1015.7,19.3,0.0,67.0
2025-01-21 03:00:00,3.6,62.0,1016.0,20.5,0.0,110.0
2025-01-21 04:00:00,6.1,48.0,1014.8,23.3,0.0,67.0
2025-01-21 05:00:00,6.1,44.0,1013.7,24.7,0.0,100.0
2025-01-21 06:00:00,7.2,42.0,1010.8,25.2,0.0,90.0
2025-01-21 07:00:00,7.6,40.0,1010.8,26.3,0.0,125.0
2025-01-21 08:00:00,9.0,40.0,1010.2,26.4,0.0,133.0
2025-01-21 09:00:00,7.2,43.0,1009.2,26.7,0.0,140.0
2025-01-21 10:00:00,15.1,56.0,1010.9,22.6,0.0,111.0
2025-01-21 11:00:00,13.3,68.0,1011.9,19.4,0.0,91.0
2025-01-21 12:00:00,7.2,76.0,1013.5,18.5,0.0,90.0
2025-01-21 13:00:00,15.1,83.0,1013.6,16.3,0.0,86.0
2025-01-21 14:00:00,15.1,91.0,1014.2,15.0,0.0,88.0
2025-01-21 15:00:00,3.6,92.0,1015.4,15.4,0.0,110.0
2025-01-21 16:00:00,15.5,95.0,1014.4,13.7,0.0,84.0
2025-01-21 17:00:00,15.5,97.0,1014.4,13.1,0.0,81.0
2025-01-21 18:00:00,7.2,97.0,1014.7,13.8,0.0,90.0
2025-01-21 19:00:00,14.0,97.0,1012.9,12.8,0.0,80.0
2025-01-21 20:00:00,14.0,98.0,1012.6,12.4,0.0,72.0
2025-01-21 21:00:00,3.6,97.0,1015.0,12.4,0.0,110.0
2025-01-21 22:00:00,14.0,97.0,1013.4,11.8,0.0,64.0
2025-01-21 23:00:00,14.0,95.0,1013.7,11.8,0.0,55.0
2025-01-22 00:00:00,0.0,97.0,1016.9,11.6,0.0,0.0
2025-01-22 01:00:00,11.5,75.0,1015.1,16.9,0.0,75.0
2025-01-22 02:00:00,11.9,57.0,1015.8,20.6,0.0,92.0
2025-01-22 03:00:00,7.2,71.0,1016.9,18.5,0.0,50.0
2025-01-22 04:00:00,10.1,41.0,1014.6,24.9,0.0,96.0
2025-01-22 05:00:00,10.1,37.0,1013.7,25.9,0.0,107.0
2025-01-22 06:00:00,7.2,39.0,1011.5,26.8,0.0,110.0
2025-01-22 07:00:00,10.1,39.0,1011.3,26.9,0.0,119.0
2025-01-22 08:00:00,11.2,42.0,1010.7,26.6,0.0,111.0
2025-01-22 09:00:00,0.0,31.0,1009.0,28.8,0.0,0.0
2025-01-22 10:00:00,13.7,58.0,1011.5,22.9,0.0,99.0
2025-01-22 11:00:00,13.0,71.0,1012.3,20.0,0.0,91.0
2025-01-22 12:00:00,7.2,72.0,1013.0,20.0,0.0,140.0
2025-01-22 13:00:00,15.8,82.0,1014.1,17.7,0.0,97.0
2025-01-22 14:00:00,14.4,88.0,1014.0,16.6,0.0,79.0
2025-01-22 15:00:00,3.6,85.0,1014.6,17.0,0.0,110.0
2025-01-22 16:00:00,15.8,97.0,1014.9,15.1,0.0,85.0
2025-01-22 17:00:00,15.8,98.0,1014.9,14.7,0.0,92.0
2025-01-22 18:00:00,3.6,94.0,1015.4,15.0,0.0,90.0
2025-01-22 19:00:00,14.4,99.0,1013.7,14.1,0.0,80.0
2025-01-22 20:00:00,14.4,100.0,1013.0,14.2,0.0,73.0
2025-01-22 21:00:00,3.6,97.0,1014.6,13.8,0.0,90.0
2025-01-22 22:00:00,13.7,99.0,1013.1,13.5,0.0,57.0
2025-01-22 23:00:00,13.3,98.0,1013.6,13.2,0.0,49.0
2025-01-23 00:00:00,3.6,97.0,1016.9,12.6,0.0,20.0
2025-01-23 01:00:00,11.5,78.0,1015.2,18.0,0.0,60.0
2025-01-23 02:00:00,7.6,56.0,1015.7,22.3,0.0,61.0
2025-01-23 03:00:00,3.6,55.0,1015.5,21.8,0.0,70.0
2025-01-23 04:00:00,6.5,35.0,1014.3,26.5,0.0,122.0
2025-01-23 05:00:00,6.1,33.0,1013.3,27.6,0.0,156.0
2025-01-23 06:00:00,7.2,22.0,1011.1,26.9,0.0,50.0
2025-01-23 07:00:00,8.3,33.0,1010.8,28.7,0.0,191.0
2025-01-23 08:00:00,9.4,33.0,1010.0,28.6,0.0,184.0
2025-01-23 09:00:00,7.2,42.0,1010.0,26.0,0.0,160.0
2025-01-23 10:00:00,15.5,52.0,1011.1,24.6,0.0,124.0
2025-01-23 11:00:00,14.8,69.0,1012.5,21.4,0.0,101.0
2025-01-23 12:00:00,3.6,74.0,1013.3,20.4,0.0,90.0
2025-01-23 13:00:00,15.1,84.0,1013.9,18.2,0.0,83.0
2025-01-23 14:00:00,15.5,88.0,1013.7,17.2,0.0,85.0
2025-01-23 15:00:00,3.6,89.0,1014.8,17.0,0.0,110.0
2025-01-23 16:00:00,15.1,92.0,1014.4,15.9,0.0,84.0
2025-01-23 17:00:00,14.0,93.0,1013.9,15.5,0.0,80.0
2025-01-23 18:00:00,3.6,93.0,1014.3,15.2,0.0,70.0
2025-01-23 19:00:00,11.9,94.0,1012.3,14.9,0.0,50.0
2025-01-23 20:00:00,11.2,95.0,1011.8,14.5,0.0,50.0
2025-01-23 21:00:00,10.4,96.0,1011.8,14.0,0.0,50.0
2025-01-23 22:00:00,10.4,99.0,1011.9,14.1,0.0,44.0
2025-01-23 23:00:00,10.1,99.0,1012.5,14.0,0.0,48.0
2025-01-24 00:00:00,0.0,97.0,1014.9,13.6,0.0,0.0
2025-01-24 01:00:00,6.5,79.0,1013.8,18.9,0.0,48.0
2025-01-24 02:00:00,5.0,59.0,1014.2,23.3,0.0,28.0
2025-01-24 03:00:00,3.6,68.0,1013.7,21.4,0.0,20.0
2025-01-24 04:00:00,4.7,43.0,1013.1,27.1,0.0,38.0
2025-01-24 05:00:00,3.2,39.0,1011.9,28.4,0.0,68.0
2025-01-24 06:00:00,3.6,35.0,1008.4,29.5,0.0,270.0
2025-01-24 07:00:00,9.0,34.0,1009.1,29.9,0.0,173.0
2025-01-24 08:00:00,8.3,34.0,1008.7,29.7,0.0,168.0
2025-01-24 09:00:00,3.6,43.0,1007.5,29.3,0.0,110.0
2025-01-24 10:00:00,14.8,41.0,1009.7,26.7,0.0,140.0
2025-01-24 11:00:00,12.2,57.0,1010.7,23.2,0.0,106.0
2025-01-24 12:00:00,7.2,66.0,1011.6,22.8,0.0,140.0
2025-01-24 13:00:00,15.8,80.0,1012.4,20.2,0.0,102.0
2025-01-24 14:00:00,15.8,84.0,1012.6,19.1,0.0,96.0
2025-01-24 15:00:00,3.6,88.0,1013.7,18.8,0.0,140.0
2025-01-24 16:00:00,15.1,93.0,1012.5,17.5,0.0,90.0
2025-01-24 17:00:00,14.8,93.0,1012.2,16.8,0.0,92.0
2025-01-24 18:00:00,0.0,90.0,1012.8,17.6,0.0,0.0
2025-01-24 19:00:00,13.0,87.0,1011.9,16.0,0.0,89.0
2025-01-24 20:00:00,8.3,87.0,1011.5,15.6,0.0,69.0
2025-01-24 21:00:00,3.6,93.0,1013.0,15.7,0.0,20.0
2025-01-24 22:00:00,8.3,90.0,1011.7,14.3,0.0,18.0
2025-01-24 23:00:00,8.6,81.0,1011.9,14.8,0.0,31.0
2025-01-25 00:00:00,0.0,96.0,1014.3,15.0,0.0,0.0
2025-01-25 01:00:00,7.2,60.0,1013.6,20.5,0.0,62.0
2025-01-25 02:00:00,4.7,46.0,1014.1,24.2,0.0,70.0
2025-01-25 03:00:00,3.6,54.0,1013.1,23.5,0.0,90.0
2025-01-25 04:00:00,5.0,41.0,1013.2,27.4,0.0,100.0
2025-01-25 05:00:00,6.5,38.0,1012.0,28.7,0.0,139.0
2025-01-25 06:00:00,3.6,35.0,1008.4,29.6,0.0,180.0
2025-01-25 07:00:00,9.7,36.0,1009.4,29.7,0.0,174.0
2025-01-25 08:00:00,11.2,37.0,1008.9,29.3,0.0,175.0
2025-01-25 09:00:00,14.4,50.0,1008.1,27.5,0.0,140.0
2025-01-25 10:00:00,15.5,51.0,1010.2,25.3,0.0,109.0
2025-01-25 11:00:00,14.4,72.0,1011.2,22.7,0.0,91.0
2025-01-25 12:00:00,7.2,75.0,1011.5,22.4,0.0,90.0
2025-01-25 13:00:00,15.5,91.0,1012.8,19.0,0.0,87.0
2025-01-25 14:00:00,16.9,94.0,1013.6,18.2,0.0,90.0
2025-01-25 15:00:00,10.8,92.0,1014.0,18.9,0.0,90.0
2025-01-25 16:00:00,17.3,98.0,1013.9,17.3,0.0,82.0
2025-01-25 17:00:00,17.3,97.0,1013.8,17.1,0.0,80.0
2025-01-25 18:00:00,7.2,93.0,1013.4,17.4,0.0,90.0
2025-01-25 19:00:00,16.9,96.0,1012.8,17.1,0.0,62.0
2025-01-25 20:00:00,17.6,96.0,1012.4,16.8,0.0,67.0
2025-01-25 21:00:00,3.6,94.0,1013.5,15.9,0.0,90.0
2025-01-25 22:00:00,16.6,90.0,1013.1,16.0,0.0,75.0
2025-01-25 23:00:00,16.6,87.0,1014.0,15.8,0.0,75.0
2025-01-26 00:00:00,7.2,93.0,1015.9,15.0,0.0,70.0
2025-01-26 01:00:00,15.5,73.0,1015.4,19.6,0.0,53.0
2025-01-26 02:00:00,15.5,58.0,1015.7,22.3,0.0,49.0
2025-01-26 03:00:00,14.4,56.0,1015.2,23.4,0.0,50.0
2025-01-26 04:00:00,16.2,46.0,1014.4,25.9,0.0,65.0
2025-01-26 05:00:00,16.2,45.0,1014.0,26.6,0.0,68.0
2025-01-26 06:00:00,21.6,43.0,1011.7,26.1,0.0,360.0
2025-01-26 07:00:00,16.2,43.0,1012.0,27.2,0.0,57.0
2025-01-26 08:00:00,18.0,44.0,1011.7,26.4,0.0,49.0
2025-01-26 09:00:00,7.2,45.0,1010.7,27.0,0.0,50.0
2025-01-26 10:00:00,18.4,53.0,1012.6,23.0,0.0,60.0
2025-01-26 11:00:00,18.4,61.0,1013.5,20.9,0.0,64.0
2025-01-26 12:00:00,10.8,63.0,1014.2,19.9,0.0,50.0
2025-01-26 13:00:00,23.8,74.0,1015.1,18.2,0.0,54.0
2025-01-26 14:00:00,23.8,77.0,1015.7,17.5,0.0,49.0
2025-01-26 15:00:00,7.2,85.0,1016.8,17.6,0.0,50.0
2025-01-26 16:00:00,23.4,80.0,1016.8,16.8,0.0,47.0
2025-01-26 17:00:00,24.1,81.0,1016.8,16.8,0.0,45.0
2025-01-26 18:00:00,7.2,88.0,1015.9,16.0,0.0,90.0
2025-01-26 19:00:00,24.8,83.0,1015.1,16.7,0.0,55.0
2025-01-26 20:00:00,25.6,78.0,1014.1,17.0,0.0,41.0
2025-01-26 21:00:00,7.2,80.0,1015.3,16.8,0.0,50.0
2025-01-26 22:00:00,28.1,74.0,1014.6,16.3,0.0,36.0
2025-01-26 23:00:00,29.2,74.0,1015.0,16.1,0.0,36.0
2025-01-27 00:00:00,14.4,80.0,1016.4,15.6,0.0,50.0
2025-01-27 01:00:00,29.2,68.0,1016.7,16.9,0.0,30.0
2025-01-27 02:00:00,29.2,63.0,1017.0,18.5,0.0,38.0
2025-01-27 03:00:00,25.2,58.0,1016.2,22.3,0.0,20.0
2025-01-27 04:00:00,25.6,53.0,1015.8,22.0,0.0,44.0
2025-01-27 05:00:00,22.7,50.0,1015.2,23.0,0.0,55.0
2025-01-27 06:00:00,14.4,50.0,1012.6,23.2,0.0,20.0
2025-01-27 07:00:00,20.2,49.0,1012.9,23.2,0.0,67.0
2025-01-27 08:00:00,19.1,50.0,1012.4,22.6,0.0,66.0
2025-01-27 09:00:00,14.4,48.0,1011.4,24.4,0.0,90.0
2025-01-27 10:00:00,17.3,59.0,1013.1,19.9,0.0,60.0
2025-01-27 11:00:00,19.8,67.0,1014.8,17.7,0.0,70.0
2025-01-27 12:00:00,7.2,78.0,1015.9,16.3,0.0,90.0
2025-01-27 13:00:00,21.2,79.0,1016.2,15.4,0.0,52.0
2025-01-27 14:00:00,21.2,82.0,1016.5,14.9,0.0,52.0
2025-01-27 15:00:00,7.2,87.0,1018.7,14.2,0.0,50.0
2025-01-27 16:00:00,21.6,83.0,1017.5,13.9,0.0,54.0
2025-01-27 17:00:00,21.6,82.0,1017.7,13.6,0.0,54.0
2025-01-27 18:00:00,7.2,92.0,1019.1,12.9,0.0,90.0
2025-01-27 19:00:00,22.7,85.0,1017.4,13.1,0.0,47.0
2025-01-27 20:00:00,23.0,87.0,1016.9,12.9,0.0,47.0
2025-01-27 21:00:00,3.6,92.0,1017.7,12.4,0.0,50.0
2025-01-27 22:00:00,22.7,87.0,1016.7,12.5,0.0,41.0
2025-01-27 23:00:00,22.7,87.0,1017.2,12.7,0.0,37.0
2025-01-28 00:00:00,7.2,97.0,1019.6,12.7,0.0,90.0
2025-01-28 01:00:00,22.7,75.0,1018.4,15.8,0.0,39.0
2025-01-28 02:00:00,20.5,66.0,1018.7,18.2,0.0,44.0
2025-01-28 03:00:00,14.4,60.0,1018.7,20.2,0.0,20.0
2025-01-28 04:00:00,20.5,51.0,1018.4,22.0,0.0,65.0
2025-01-28 05:00:00,20.5,48.0,1017.6,22.7,0.0,67.0
2025-01-28 06:00:00,10.8,50.0,1015.7,23.4,0.0,20.0
2025-01-28 07:00:00,18.4,47.0,1015.9,23.0,0.0,68.0
2025-01-28 08:00:00,17.6,47.0,1015.4,22.8,0.0,65.0
2025-01-28 09:00:00,10.8,49.0,1015.3,23.4,0.0,90.0
2025-01-28 10:00:00,19.1,55.0,1016.0,20.1,0.0,66.0
2025-01-28 11:00:00,18.7,64.0,1016.8,17.9,0.0,65.0
2025-01-28 12:00:00,3.6,78.0,1019.0,16.7,0.0,70.0
2025-01-28 13:00:00,21.2,79.0,1018.8,15.5,0.0,54.0
2025-01-28 14:00:00,21.2,83.0,1019.3,15.0,0.0,51.0
2025-01-28 15:00:00,3.6,92.0,1021.0,14.6,0.0,90.0
2025-01-28 16:00:00,21.2,83.0,1019.7,14.4,0.0,48.0
2025-01-28 17:00:00,21.2,83.0,1019.5,14.2,0.0,47.0
2025-01-28 18:00:00,3.6,96.0,1020.3,14.0,0.0,70.0
2025-01-28 19:00:00,22.3,84.0,1019.0,14.1,0.0,39.0
2025-01-28 20:00:00,23.4,84.0,1018.4,14.1,0.0,39.0
2025-01-28 21:00:00,3.6,96.0,1019.3,13.2,0.0,70.0
2025-01-28 22:00:00,22.0,84.0,1018.7,14.4,0.0,52.0
2025-01-28 23:00:00,21.2,85.0,1019.0,14.4,0.0,48.0
2025-01-29 00:00:00,22.7,81.0,1019.6,15.4,0.0,43.0
2025-01-29 01:00:00,23.0,74.0,1020.1,16.9,0.0,43.0
2025-01-29 02:00:00,23.0,65.0,1020.5,18.9,0.0,48.0
2025-01-29 03:00:00,21.6,58.0,1020.1,20.9,0.0,51.0
2025-01-29 04:00:00,19.8,50.0,1019.8,22.5,0.0,55.0
2025-01-29 05:00:00,18.7,47.0,1018.4,23.5,0.0,62.0
2025-01-29 06:00:00,17.6,45.0,1017.0,24.1,0.0,66.0
2025-01-29 07:00:00,18.0,45.0,1015.6,24.1,0.0,71.0
2025-01-29 08:00:00,18.4,45.0,1014.6,23.8,0.0,71.0
2025-01-29 09:00:00,18.0,46.0,1014.8,22.8,0.0,72.0
2025-01-29 10:00:00,19.1,49.0,1015.3,21.3,0.0,76.0
2025-01-29 11:00:00,18.4,63.0,1016.4,18.7,0.0,73.0
2025-01-29 12:00:00,18.4,72.0,1016.9,17.2,0.0,65.0
2025-01-29 13:00:00,18.7,79.0,1017.7,16.1,0.0,60.0
2025-01-29 14:00:00,19.4,81.0,1018.3,15.4,0.0,50.0
2025-01-29 15:00:00,19.1,83.0,1018.5,14.8,0.0,47.0
2025-01-29 16:00:00,18.7,84.0,1018.2,14.3,0.0,48.0
2025-01-29 17:00:00,18.0,84.0,1017.7,14.1,0.0,46.0
2025-01-29 18:00:00,17.6,85.0,1017.0,13.7,0.0,44.0
2025-01-29 19:00:00,17.6,85.0,1016.0,13.3,0.0,47.0
2025-01-29 20:00:00,18.0,86.0,1015.4,13.0,0.0,42.0
2025-01-29 21:00:00,18.4,87.0,1015.3,12.9,0.0,36.0
2025-01-29 22:00:00,18.4,87.0,1015.4,13.0,0.0,34.0
2025-01-29 23:00:00,18.0,88.0,1015.9,13.0,0.0,34.0
2025-01-30 00:00:00,19.1,84.0,1016.3,14.1,0.0,37.0
2025-01-30 01:00:00,18.4,72.0,1016.7,16.8,0.0,41.0
2025-01-30 02:00:00,18.0,62.0,1017.0,19.4,0.0,49.0
2025-01-30 03:00:00,16.9,52.0,1016.5,21.9,0.0,62.0
2025-01-30 04:00:00,16.9,44.0,1015.7,23.7,0.0,79.0
2025-01-30 05:00:00,15.5,43.0,1014.8,24.5,0.0,82.0
2025-01-30 06:00:00,14.8,43.0,1013.2,24.9,0.0,90.0
2025-01-30 07:00:00,15.1,43.0,1011.8,25.0,0.0,97.0
2025-01-30 08:00:00,15.5,45.0,1011.2,24.5,0.0,96.0
2025-01-30 09:00:00,15.8,48.0,1010.9,23.2,0.0,97.0
2025-01-30 10:00:00,15.1,47.0,1011.9,22.5,0.0,98.0
2025-01-30 11:00:00,18.0,56.0,1012.4,20.2,0.0,90.0
2025-01-30 12:00:00,18.4,68.0,1013.4,18.4,0.0,85.0
2025-01-30 13:00:00,18.4,77.0,1014.4,17.1,0.0,85.0
2025-01-30 14:00:00,17.6,84.0,1014.8,16.2,0.0,81.0
2025-01-30 15:00:00,17.3,81.0,1015.0,15.7,0.0,81.0
2025-01-30 16:00:00,16.9,78.0,1014.8,15.3,0.0,76.0
2025-01-30 17:00:00,16.2,76.0,1014.3,15.0,0.0,79.0
2025-01-30 18:00:00,15.8,76.0,1013.6,14.7,0.0,82.0
2025-01-30 19:00:00,15.5,78.0,1012.8,14.3,0.0,79.0
2025-01-30 20:00:00,15.5,86.0,1012.1,13.5,0.0,63.0
2025-01-30 21:00:00,15.5,87.0,1012.2,13.3,0.0,63.0
2025-01-30 22:00:00,15.1,88.0,1012.8,12.9,0.0,66.0
2025-01-30 23:00:00,14.8,88.0,1013.6,12.7,0.0,64.0
2025-01-31 00:00:00,14.8,84.0,1014.4,14.1,0.0,68.0
2025-01-31 01:00:00,12.2,72.0,1015.9,17.5,0.0,62.0
2025-01-31 02:00:00,11.2,57.0,1016.0,20.8,0.0,72.0
2025-01-31 03:00:00,8.3,44.0,1015.7,23.2,0.0,72.0
2025-01-31 04:00:00,7.2,40.0,1014.7,24.8,0.0,90.0
2025-01-31 05:00:00,6.8,36.0,1013.5,26.1,0.0,113.0
2025-01-31 06:00:00,6.1,34.0,1011.9,26.9,0.0,126.0
2025-01-31 07:00:00,5.4,33.0,1010.3,27.4,0.0,133.0
2025-01-31 08:00:00,6.8,33.0,1009.3,27.6,0.0,149.0
2025-01-31 09:00:00,8.6,34.0,1009.0,27.3,0.0,171.0
2025-01-31 10:00:00,10.4,43.0,1009.2,26.0,0.0,175.0
2025-01-31 11:00:00,13.7,48.0,1010.5,22.5,0.0,101.0
2025-01-31 12:00:00,13.0,62.0,1011.9,20.2,0.0,104.0
2025-01-31 13:00:00,13.7,71.0,1012.7,19.0,0.0,94.0
2025-01-31 14:00:00,12.6,81.0,1013.0,18.0,0.0,82.0
2025-01-31 15:00:00,12.6,90.0,1012.9,17.0,0.0,81.0
2025-01-31 16:00:00,13.3,92.0,1013.1,16.4,0.0,87.0
2025-01-31 17:00:00,14.0,95.0,1013.0,15.8,0.0,105.0
2025-01-31 18:00:00,13.0,97.0,1012.6,15.5,0.0,97.0
2025-01-31 19:00:00,12.2,98.0,1012.0,15.2,0.0,71.0
2025-01-31 20:00:00,12.2,99.0,1011.2,14.8,0.0,60.0
2025-01-31 21:00:00,11.9,98.0,1010.6,14.9,0.0,47.0
2025-01-31 22:00:00,11.2,98.0,1011.1,14.7,0.0,49.0
2025-01-31 23:00:00,10.4,98.0,1011.6,14.4,0.0,53.0
2025-02-01 00:00:00,10.4,94.0,1012.5,15.2,0.0,64.0
2025-02-01 01:00:00,7.9,78.0,1013.4,19.0,0.0,81.0
2025-02-01 02:00:00,5.4,59.0,1014.0,22.9,0.0,68.0
2025-02-01 03:00:00,4.3,45.0,1013.5,25.5,0.0,44.0
2025-02-01 04:00:00,4.7,33.0,1012.6,27.4,0.0,48.0
2025-02-01 05:00:00,5.4,28.0,1011.5,28.7,0.0,77.0
2025-02-01 06:00:00,7.2,28.0,1010.2,29.5,0.0,124.0
2025-02-01 07:00:00,9.7,29.0,1008.9,29.9,0.0,177.0
2025-02-01 08:00:00,9.0,29.0,1008.1,29.7,0.0,146.0
2025-02-01 09:00:00,13.3,31.0,1007.8,29.2,0.0,148.0
2025-02-01 10:00:00,16.2,41.0,1008.6,26.2,0.0,125.0
2025-02-01 11:00:00,14.4,50.0,1009.6,23.1,0.0,110.0
2025-02-01 12:00:00,13.7,57.0,1010.6,21.5,0.0,108.0
2025-02-01 13:00:00,13.0,63.0,1011.1,20.4,0.0,97.0
2025-02-01 14:00:00,14.8,67.0,1011.8,19.6,0.0,106.0
2025-02-01 15:00:00,16.2,71.0,1012.3,18.6,0.0,119.0
2025-02-01 16:00:00,16.6,73.0,1012.3,18.0,0.0,114.0
2025-02-01 17:00:00,15.1,74.0,1012.1,17.3,0.0,89.0
2025-02-01 18:00:00,14.4,80.0,1011.8,16.3,0.0,55.0
2025-02-01 19:00:00,13.7,82.0,1010.9,16.0,0.0,44.0
2025-02-01 20:00:00,11.2,83.0,1010.3,15.7,0.0,29.0
2025-02-01 21:00:00,6.8,81.0,1010.5,15.5,0.0,19.0
2025-02-01 22:00:00,5.4,79.0,1010.9,15.4,0.0,12.0
2025-02-01 23:00:00,4.3,74.0,1011.5,16.1,0.0,38.0
2025-02-02 00:00:00,5.8,74.0,1012.1,17.1,0.0,55.0
2025-02-02 01:00:00,4.3,56.0,1012.8,21.1,0.0,55.0
2025-02-02 02:00:00,3.2,44.0,1013.2,24.3,0.0,39.0
2025-02-02 03:00:00,6.1,38.0,1012.9,26.3,0.0,308.0
2025-02-02 04:00:00,6.8,36.0,1012.5,27.8,0.0,294.0
2025-02-02 05:00:00,7.6,34.0,1011.2,28.9,0.0,266.0
2025-02-02 06:00:00,8.3,34.0,1010.0,29.7,0.0,236.0
2025-02-02 07:00:00,9.7,34.0,1009.0,29.9,0.0,225.0
2025-02-02 08:00:00,11.2,35.0,1008.1,29.6,0.0,221.0
2025-02-02 09:00:00,11.5,36.0,1008.1,29.2,0.0,210.0
2025-02-02 10:00:00,19.8,40.0,1008.9,27.1,0.0,158.0
2025-02-02 11:00:00,12.6,56.0,1010.1,23.8,0.0,92.0
2025-02-02 12:00:00,11.2,72.0,1011.2,21.6,0.0,84.0
2025-02-02 13:00:00,14.8,78.0,1012.3,20.3,0.0,91.0
2025-02-02 14:00:00,16.6,80.0,1013.1,19.2,0.0,87.0
2025-02-02 15:00:00,16.2,85.0,1013.0,18.5,0.0,82.0
2025-02-02 16:00:00,15.1,89.0,1012.8,18.2,0.0,73.0
2025-02-02 17:00:00,14.8,91.0,1012.7,17.8,0.0,65.0
2025-02-02 18:00:00,15.1,91.0,1012.5,17.5,0.0,68.0
2025-02-02 19:00:00,15.8,89.0,1012.1,17.3,0.0,70.0
2025-02-02 20:00:00,15.1,89.0,1011.6,16.9,0.0,60.0
2025-02-02 21:00:00,15.5,89.0,1011.5,16.5,0.0,43.0
2025-02-02 22:00:00,13.7,87.0,1011.8,16.4,0.0,42.0
2025-02-02 23:00:00,12.6,85.0,1012.5,16.4,0.0,40.0
2025-02-03 00:00:00,13.0,76.0,1013.1,18.0,0.0,38.0
2025-02-03 01:00:00,10.8,59.0,1013.8,21.9,0.0,48.0
2025-02-03 02:00:00,11.9,42.0,1014.3,25.0,0.0,69.0
2025-02-03 03:00:00,12.2,36.0,1014.1,27.0,0.0,79.0
2025-02-03 04:00:00,13.7,35.0,1013.6,28.1,0.0,85.0
2025-02-03 05:00:00,17.6,38.0,1013.6,28.0,0.0,93.0
2025-02-03 06:00:00,17.3,43.0,1012.8,27.6,0.0,92.0
2025-02-03 07:00:00,17.3,43.0,1011.5,27.8,0.0,82.0
2025-02-03 08:00:00,17.3,43.0,1010.4,27.5,0.0,73.0
2025-02-03 09:00:00,18.4,45.0,1010.5,26.4,0.0,68.0
2025-02-03 10:00:00,20.2,50.0,1011.6,24.5,0.0,71.0
2025-02-03 11:00:00,22.3,63.0,1012.8,21.7,0.0,73.0
2025-02-03 12:00:00,24.5,74.0,1013.6,20.1,0.0,62.0
2025-02-03 13:00:00,24.5,75.0,1014.4,19.1,0.0,53.0
2025-02-03 14:00:00,24.8,70.0,1015.3,18.4,0.0,50.0
2025-02-03 15:00:00,25.2,70.0,1016.3,17.8,0.0,46.0
2025-02-03 16:00:00,23.8,76.0,1016.4,17.3,0.0,44.0
2025-02-03 17:00:00,23.8,80.0,1016.2,17.2,0.0,46.0
2025-02-03 18:00:00,24.1,82.0,1015.9,17.2,0.0,48.0
2025-02-03 19:00:00,24.8,82.0,1015.5,17.5,0.0,49.0
2025-02-03 20:00:00,24.5,81.0,1014.4,17.8,0.0,45.0
2025-02-03 21:00:00,24.5,83.0,1014.5,17.5,0.0,49.0
2025-02-03 22:00:00,24.8,82.0,1014.7,17.8,0.0,52.0
2025-02-03 23:00:00,25.6,81.0,1015.3,18.1,0.0,54.0
2025-02-04 00:00:00,24.8,79.0,1016.0,18.6,0.0,56.0
2025-02-04 01:00:00,29.5,72.0,1017.1,19.5,0.0,59.0
2025-02-04 02:00:00,29.5,65.0,1017.4,21.0,0.0,60.0
2025-02-04 03:00:00,28.8,55.0,1017.2,23.2,0.0,60.0
2025-02-04 04:00:00,25.6,49.0,1016.6,24.6,0.0,61.0
2025-02-04 05:00:00,23.4,50.0,1016.0,24.6,0.0,62.0
2025-02-04 06:00:00,20.9,50.0,1015.1,24.3,0.0,64.0
2025-02-04 07:00:00,21.2,51.0,1014.1,23.9,0.0,55.0
2025-02-04 08:00:00,21.2,53.0,1013.3,23.5,0.0,57.0
2025-02-04 09:00:00,21.2,56.0,1013.2,22.5,0.0,64.0
2025-02-04 10:00:00,22.3,63.0,1013.4,21.0,0.0,68.0
2025-02-04 11:00:00,20.2,68.0,1014.2,19.6,0.0,71.0
2025-02-04 12:00:00,22.7,76.0,1015.2,18.1,0.0,69.0
2025-02-04 13:00:00,23.0,80.0,1015.6,17.2,0.0,66.0
2025-02-04 14:00:00,22.3,83.0,1016.3,16.9,0.0,64.0
2025-02-04 15:00:00,21.2,83.0,1016.6,16.6,0.0,64.0
2025-02-04 16:00:00,20.9,84.0,1017.0,16.2,0.0,63.0
2025-02-04 17:00:00,20.5,86.0,1016.8,15.8,0.0,61.0
2025-02-04 18:00:00,20.5,88.0,1016.1,15.5,0.0,54.0
2025-02-04 19:00:00,19.8,89.0,1015.3,15.1,0.0,49.0
2025-02-04 20:00:00,19.8,91.0,1014.6,14.7,0.0,47.0
2025-02-04 21:00:00,19.4,92.0,1014.5,14.3,0.0,46.0
2025-02-04 22:00:00,19.1,92.0,1014.5,14.0,0.0,41.0
2025-02-04 23:00:00,18.4,92.0,1014.9,13.8,0.0,41.0
2025-02-05 00:00:00,18.0,88.0,1015.6,14.7,0.0,45.0
2025-02-05 01:00:00,17.3,73.0,1016.1,17.4,0.0,53.0
2025-02-05 02:00:00,17.3,65.0,1017.0,19.8,0.0,63.0
2025-02-05 03:00:00,17.3,57.0,1016.6,21.9,0.0,75.0
2025-02-05 04:00:00,16.9,49.0,1015.9,23.5,0.0,80.0
2025-02-05 05:00:00,16.2,45.0,1014.6,24.4,0.0,80.0
2025-02-05 06:00:00,14.8,43.0,1013.3,24.9,0.0,81.0
2025-02-05 07:00:00,15.1,45.0,1011.9,25.1,0.0,85.0
2025-02-05 08:00:00,14.4,44.0,1011.1,24.9,0.0,82.0
2025-02-05 09:00:00,13.7,46.0,1010.9,24.5,0.0,85.0
2025-02-05 10:00:00,16.2,51.0,1011.5,22.7,0.0,95.0
2025-02-05 11:00:00,19.4,63.0,1012.7,20.1,0.0,97.0
2025-02-05 12:00:00,20.9,77.0,1013.5,18.0,0.0,92.0
2025-02-05 13:00:00,19.8,86.0,1014.3,16.9,0.0,86.0
2025-02-05 14:00:00,18.7,90.0,1014.7,16.1,0.0,79.0
2025-02-05 15:00:00,18.7,91.0,1014.8,15.6,0.0,70.0
2025-02-05 16:00:00,18.4,90.0,1014.7,15.2,0.0,68.0
2025-02-05 17:00:00,18.0,87.0,1014.5,14.9,0.0,80.0
2025-02-05 18:00:00,16.9,77.0,1014.3,14.6,0.0,90.0
2025-02-05 19:00:00,17.6,72.0,1013.8,14.5,0.0,85.0
2025-02-05 20:00:00,17.6,74.0,1013.5,13.9,0.0,82.0
2025-02-05 21:00:00,17.3,76.0,1013.4,13.3,0.0,80.0
2025-02-05 22:00:00,16.6,77.0,1013.8,13.0,0.0,79.0
2025-02-05 23:00:00,15.8,78.0,1014.5,12.8,0.0,80.0
2025-02-06 00:00:00,15.8,75.0,1015.3,13.8,0.0,84.0
2025-02-06 01:00:00,14.8,64.0,1016.2,17.0,0.0,86.0
2025-02-06 02:00:00,14.8,56.0,1016.3,20.0,0.0,84.0
2025-02-06 03:00:00,13.3,46.0,1015.9,22.6,0.0,81.0
2025-02-06 04:00:00,11.9,45.0,1015.0,24.1,0.0,77.0
2025-02-06 05:00:00,10.1,40.0,1013.2,25.7,0.0,74.0
2025-02-06 06:00:00,9.0,38.0,1011.6,26.7,0.0,87.0
2025-02-06 07:00:00,9.4,38.0,1010.4,27.2,0.0,106.0
2025-02-06 08:00:00,11.2,38.0,1009.7,27.3,0.0,114.0
2025-02-06 09:00:00,15.5,42.0,1009.4,26.6,0.0,105.0
2025-02-06 10:00:00,17.3,52.0,1010.3,24.0,0.0,103.0
2025-02-06 11:00:00,19.4,62.0,1011.5,21.4,0.0,94.0
2025-02-06 12:00:00,18.0,72.0,1012.6,19.6,0.0,95.0
2025-02-06 13:00:00,17.6,81.0,1013.5,17.7,0.0,95.0
2025-02-06 14:00:00,18.7,84.0,1014.4,17.0,0.0,100.0
2025-02-06 15:00:00,20.2,86.0,1014.9,16.4,0.0,106.0
2025-02-06 16:00:00,19.8,88.0,1015.0,15.9,0.0,95.0
2025-02-06 17:00:00,19.8,88.0,1014.7,15.5,0.0,94.0
2025-02-06 18:00:00,19.1,86.0,1014.2,15.2,0.0,92.0
2025-02-06 19:00:00,17.3,86.0,1013.1,14.9,0.0,67.0
2025-02-06 20:00:00,17.3,85.0,1012.6,14.6,0.0,59.0
2025-02-06 21:00:00,17.6,84.0,1012.5,14.3,0.0,54.0
2025-02-06 22:00:00,17.6,82.0,1013.0,14.1,0.0,41.0
2025-02-06 23:00:00,17.3,76.0,1013.4,14.4,0.0,29.0
2025-02-07 00:00:00,17.3,66.0,1014.1,16.0,0.0,33.0
2025-02-07 01:00:00,15.5,55.0,1015.1,19.2,0.0,40.0
2025-02-07 02:00:00,16.9,45.0,1015.6,21.9,0.0,45.0
2025-02-07 03:00:00,16.6,42.0,1015.5,24.2,0.0,58.0
2025-02-07 04:00:00,18.4,41.0,1014.8,25.6,0.0,64.0
2025-02-07 05:00:00,18.0,43.0,1014.4,25.9,0.0,69.0
2025-02-07 06:00:00,18.0,43.0,1013.3,26.0,0.0,65.0
2025-02-07 07:00:00,17.3,44.0,1012.8,25.5,0.0,59.0
2025-02-07 08:00:00,16.9,45.0,1012.5,25.2,0.0,58.0
2025-02-07 09:00:00,18.0,46.0,1012.4,24.7,0.0,58.0
2025-02-07 10:00:00,18.0,51.0,1013.6,23.0,0.0,57.0
2025-02-07 11:00:00,16.6,59.0,1014.4,21.3,0.0,60.0
2025-02-07 12:00:00,18.0,69.0,1015.1,19.6,0.0,54.0
2025-02-07 13:00:00,19.8,72.0,1015.6,18.9,0.0,45.0
2025-02-07 14:00:00,21.6,75.0,1015.8,18.1,0.0,41.0
2025-02-07 15:00:00,22.7,75.0,1016.2,17.5,0.0,38.0
2025-02-07 16:00:00,23.0,76.0,1016.0,17.4,0.0,34.0
2025-02-07 17:00:00,23.0,77.0,1015.5,17.3,0.0,34.0
2025-02-07 18:00:00,23.4,78.0,1015.1,17.0,0.0,38.0
2025-02-07 19:00:00,24.1,81.0,1014.9,16.7,0.0,41.0
2025-02-07 20:00:00,24.1,80.0,1014.1,17.5,0.0,49.0
2025-02-07 21:00:00,24.8,80.0,1013.8,17.9,0.0,46.0
2025-02-07 22:00:00,25.6,80.0,1014.0,17.9,0.0,50.0
2025-02-07 23:00:00,23.4,79.0,1014.7,18.1,0.0,52.0
2025-02-08 00:00:00,24.1,76.0,1015.4,18.5,0.0,53.0
2025-02-08 01:00:00,28.1,73.0,1016.2,19.3,0.0,50.0
2025-02-08 02:00:00,27.7,65.0,1016.5,20.9,0.0,45.0
2025-02-08 03:00:00,28.8,56.0,1016.8,22.5,0.0,48.0
2025-02-08 04:00:00,26.3,51.0,1016.4,23.7,0.0,48.0
2025-02-08 05:00:00,24.1,47.0,1015.2,24.9,0.0,52.0
2025-02-08 06:00:00,25.2,45.0,1014.0,25.0,0.0,51.0
2025-02-08 07:00:00,23.4,49.0,1013.1,24.1,0.0,50.0
2025-02-08 08:00:00,23.0,50.0,1013.2,23.7,0.0,55.0
2025-02-08 09:00:00,22.3,54.0,1013.5,22.5,0.0,53.0
2025-02-08 10:00:00,22.0,60.0,1014.2,20.9,0.0,55.0
2025-02-08 11:00:00,22.3,66.0,1015.1,19.0,0.0,55.0
2025-02-08 12:00:00,23.8,73.0,1015.9,17.7,0.0,50.0
2025-02-08 13:00:00,23.8,78.0,1016.7,17.0,0.0,50.0
2025-02-08 14:00:00,25.6,80.0,1016.9,16.7,0.0,50.0
2025-02-08 15:00:00,25.2,80.0,1017.1,16.6,0.0,45.0
2025-02-08 16:00:00,24.1,80.0,1017.4,16.6,0.0,44.0
2025-02-08 17:00:00,25.2,80.0,1017.2,16.4,0.0,43.0
2025-02-08 18:00:00,25.2,81.0,1016.9,16.2,0.0,42.0
2025-02-08 19:00:00,25.9,82.0,1016.2,16.2,0.0,44.0
2025-02-08 20:00:00,27.4,79.0,1015.5,16.5,0.0,42.0
2025-02-08 21:00:00,26.3,79.0,1014.5,16.4,0.0,40.0
2025-02-08 22:00:00,25.9,79.0,1014.7,16.2,0.0,43.0
2025-02-08 23:00:00,25.6,79.0,1015.5,16.1,0.0,48.0
2025-02-09 00:00:00,25.9,77.0,1016.0,16.5,0.0,46.0
2025-02-09 01:00:00,29.2,70.0,1016.6,17.7,0.0,50.0
2025-02-09 02:00:00,29.9,61.0,1017.2,19.7,0.0,49.0
2025-02-09 03:00:00,29.9,50.0,1017.3,21.9,0.0,49.0
2025-02-09 04:00:00,27.0,45.0,1016.7,23.5,0.0,52.0
2025-02-09 05:00:00,25.6,48.0,1015.9,23.4,0.0,50.0
2025-02-09 06:00:00,25.6,48.0,1014.9,23.6,0.0,51.0
2025-02-09 07:00:00,23.0,48.0,1013.6,23.6,0.0,52.0
2025-02-09 08:00:00,20.9,50.0,1013.1,23.0,0.0,56.0
2025-02-09 09:00:00,20.5,53.0,1013.2,22.0,0.0,58.0
2025-02-09 10:00:00,21.2,59.0,1014.2,20.2,0.0,65.0
2025-02-09 11:00:00,19.1,67.0,1014.7,18.3,0.0,59.0
2025-02-09 12:00:00,19.1,72.0,1015.5,17.3,0.0,49.0
2025-02-09 13:00:00,20.5,76.0,1016.4,16.6,0.0,51.0
2025-02-09 14:00:00,20.5,79.0,1016.6,16.1,0.0,46.0
2025-02-09 15:00:00,20.2,80.0,1016.7,15.8,0.0,43.0
2025-02-09 16:00:00,20.2,80.0,1016.7,15.6,0.0,42.0
2025-02-09 17:00:00,21.2,80.0,1016.6,15.5,0.0,48.0
2025-02-09 18:00:00,21.6,82.0,1016.7,15.1,0.0,47.0
2025-02-09 19:00:00,23.0,83.0,1015.8,14.9,0.0,40.0
2025-02-09 20:00:00,21.2,84.0,1015.1,14.9,0.0,34.0
2025-02-09 21:00:00,20.2,83.0,1014.7,15.1,0.0,32.0
2025-02-09 22:00:00,19.1,83.0,1014.7,15.0,0.0,34.0
2025-02-09 23:00:00,19.4,81.0,1015.6,14.7,0.0,32.0
2025-02-10 00:00:00,19.1,74.0,1016.4,15.8,0.0,36.0
2025-02-10 01:00:00,16.9,68.0,1016.5,17.7,0.0,32.0
2025-02-10 02:00:00,15.5,62.0,1016.8,20.2,0.0,32.0
2025-02-10 03:00:00,13.3,55.0,1017.1,22.7,0.0,51.0
2025-02-10 04:00:00,15.5,52.0,1016.2,24.3,0.0,74.0
2025-02-10 05:00:00,17.6,45.0,1014.5,26.9,0.0,84.0
2025-02-10 06:00:00,18.4,48.0,1013.9,25.8,0.0,92.0
2025-02-10 07:00:00,19.4,52.0,1013.1,24.4,0.0,92.0
2025-02-10 08:00:00,19.1,54.0,1012.7,23.9,0.0,82.0
2025-02-10 09:00:00,16.6,56.0,1012.9,23.4,0.0,82.0
2025-02-10 10:00:00,16.6,59.0,1013.4,22.4,0.0,75.0
2025-02-10 11:00:00,16.6,64.0,1014.0,20.7,0.0,78.0
2025-02-10 12:00:00,17.3,70.0,1014.8,19.4,0.0,70.0
2025-02-10 13:00:00,16.6,73.0,1015.5,18.5,0.0,62.0
2025-02-10 14:00:00,15.1,73.0,1015.7,18.0,0.0,48.0
2025-02-10 15:00:00,14.4,75.0,1016.1,17.6,0.0,40.0
2025-02-10 16:00:00,14.8,77.0,1016.1,17.2,0.0,36.0
2025-02-10 17:00:00,15.8,78.0,1015.8,17.1,0.0,38.0
2025-02-10 18:00:00,16.2,78.0,1015.4,17.1,0.0,40.0
2025-02-10 19:00:00,16.2,79.0,1014.8,17.1,0.0,28.0
2025-02-10 20:00:00,15.8,80.0,1013.8,17.2,0.0,27.0
2025-02-10 21:00:00,15.5,81.0,1013.6,17.1,0.0,31.0
2025-02-10 22:00:00,14.0,81.0,1013.8,17.2,0.0,38.0
2025-02-10 23:00:00,13.3,81.0,1014.5,17.4,0.0,38.0
2025-02-11 00:00:00,15.5,77.0,1015.2,18.5,0.0,35.0
2025-02-11 01:00:00,15.5,71.0,1015.7,20.2,0.0,34.0
2025-02-11 02:00:00,15.8,63.0,1015.6,22.5,0.0,30.0
2025-02-11 03:00:00,16.2,57.0,1015.3,25.1,0.0,52.0
2025-02-11 04:00:00,16.9,51.0,1014.2,27.0,0.0,76.0
2025-02-11 05:00:00,15.5,52.0,1013.6,26.7,0.0,76.0
2025-02-11 06:00:00,15.8,53.0,1012.8,26.4,0.0,83.0
2025-02-11 07:00:00,14.8,56.0,1012.0,25.6,0.0,82.0
2025-02-11 08:00:00,14.0,56.0,1011.6,25.5,0.0,78.0
2025-02-11 09:00:00,14.0,59.0,1011.9,24.6,0.0,82.0
2025-02-11 10:00:00,13.7,60.0,1011.9,24.9,0.0,88.0
2025-02-11 11:00:00,13.0,64.0,1012.9,23.3,0.0,81.0
2025-02-11 12:00:00,13.3,70.0,1014.1,21.8,0.0,73.0
2025-02-11 13:00:00,13.0,76.0,1014.9,20.8,0.0,59.0
2025-02-11 14:00:00,13.3,81.0,1015.1,19.8,0.0,74.0
2025-02-11 15:00:00,11.2,83.0,1015.3,19.0,0.0,58.0
2025-02-11 16:00:00,11.2,86.0,1015.6,18.5,0.0,56.0
2025-02-11 17:00:00,11.5,88.0,1015.4,18.1,0.0,67.0
2025-02-11 18:00:00,13.0,88.0,1014.9,17.9,0.0,70.0
2025-02-11 19:00:00,12.2,89.0,1014.2,17.6,0.0,59.0
2025-02-11 20:00:00,10.8,87.0,1013.4,18.0,0.0,29.0
2025-02-11 21:00:00,11.9,87.0,1012.7,17.9,0.0,13.0
2025-02-11 22:00:00,13.3,87.0,1012.8,17.9,0.0,13.0
2025-02-11 23:00:00,13.3,88.0,1013.4,17.8,0.0,15.0
2025-02-12 00:00:00,12.2,84.0,1014.2,18.9,0.0,28.0
2025-02-12 01:00:00,10.8,73.0,1015.2,21.7,0.0,41.0
2025-02-12 02:00:00,9.4,63.0,1015.6,24.4,0.0,46.0
2025-02-12 03:00:00,7.2,54.0,1015.4,26.5,0.0,26.0
2025-02-12 04:00:00,7.6,49.0,1014.2,28.1,0.0,39.0
2025-02-12 05:00:00,7.9,47.0,1012.9,28.7,0.2,43.0
2025-02-12 06:00:00,8.6,47.0,1011.6,28.7,0.5,59.0
2025-02-12 07:00:00,8.3,55.0,1011.3,26.9,0.5,138.0
2025-02-12 08:00:00,11.9,71.0,1011.3,24.2,0.6,148.0
2025-02-12 09:00:00,13.0,74.0,1011.3,23.4,0.4,130.0
2025-02-12 10:00:00,13.0,80.0,1011.9,22.8,0.6,82.0
2025-02-12 11:00:00,13.7,70.0,1012.5,23.6,1.0,67.0
2025-02-12 12:00:00,10.8,78.0,1013.1,22.6,0.0,77.0
2025-02-12 13:00:00,13.0,84.0,1013.9,21.7,0.0,63.0
2025-02-12 14:00:00,14.0,85.0,1014.6,21.1,0.0,60.0
2025-02-12 15:00:00,14.8,87.0,1014.8,20.5,0.0,56.0
2025-02-12 16:00:00,13.7,88.0,1015.5,19.7,0.0,49.0
2025-02-12 17:00:00,13.0,89.0,1015.2,19.2,0.0,35.0
2025-02-12 18:00:00,13.3,89.0,1014.7,19.0,0.0,25.0
2025-02-12 19:00:00,13.7,88.0,1014.0,19.0,0.0,21.0
2025-02-12 20:00:00,13.7,88.0,1013.7,18.8,0.0,22.0
2025-02-12 21:00:00,13.7,89.0,1013.7,18.7,0.0,26.0
2025-02-12 22:00:00,13.3,90.0,1013.9,18.5,0.0,31.0
2025-02-12 23:00:00,13.0,89.0,1014.5,18.5,0.0,27.0
2025-02-13 00:00:00,12.2,85.0,1015.0,19.5,0.0,24.0
2025-02-13 01:00:00,11.5,74.0,1015.4,22.0,0.0,27.0
2025-02-13 02:00:00,13.0,64.0,1015.6,24.5,0.0,24.0
2025-02-13 03:00:00,12.2,56.0,1015.5,26.6,0.0,25.0
2025-02-13 04:00:00,12.6,49.0,1014.3,27.9,0.0,11.0
2025-02-13 05:00:00,13.0,47.0,1013.3,28.5,0.0,6.0
2025-02-13 06:00:00,13.3,48.0,1012.4,28.2,0.2,357.0
2025-02-13 07:00:00,12.2,44.0,1011.0,28.9,0.3,4.0
2025-02-13 08:00:00,9.7,47.0,1010.6,28.4,0.2,35.0
2025-02-13 09:00:00,12.2,51.0,1010.6,27.1,0.3,56.0
2025-02-13 10:00:00,13.7,54.0,1011.0,26.4,0.0,20.0
2025-02-13 11:00:00,14.0,61.0,1011.9,24.6,0.0,14.0
2025-02-13 12:00:00,14.0,68.0,1013.2,22.6,0.0,43.0
2025-02-13 13:00:00,15.5,74.0,1014.3,21.4,0.0,48.0
2025-02-13 14:00:00,14.0,76.0,1014.6,20.7,0.0,36.0
2025-02-13 15:00:00,14.8,79.0,1015.0,20.0,0.0,32.0
2025-02-13 16:00:00,14.8,81.0,1015.1,19.5,0.0,34.0
2025-02-13 17:00:00,14.8,80.0,1014.7,18.9,0.0,27.0
2025-02-13 18:00:00,13.3,82.0,1014.2,18.6,0.0,28.0
2025-02-13 19:00:00,13.3,83.0,1013.8,18.4,0.0,26.0
2025-02-13 20:00:00,13.0,84.0,1013.7,18.1,0.0,26.0
2025-02-13 21:00:00,13.7,86.0,1013.5,17.9,0.0,23.0
2025-02-13 22:00:00,14.4,87.0,1013.5,17.7,0.0,27.0
2025-02-13 23:00:00,15.1,87.0,1014.0,17.9,0.0,25.0
2025-02-14 00:00:00,15.1,83.0,1014.4,19.0,0.0,30.0
2025-02-14 01:00:00,12.2,72.0,1014.7,21.6,0.0,39.0
2025-02-14 02:00:00,10.1,63.0,1014.7,24.4,0.0,44.0
2025-02-14 03:00:00,8.3,52.0,1014.5,26.8,0.0,42.0
2025-02-14 04:00:00,9.0,47.0,1014.0,28.1,0.0,28.0
2025-02-14 05:00:00,7.2,43.0,1012.8,29.3,0.0,349.0
2025-02-14 06:00:00,7.6,41.0,1011.5,29.6,0.0,360.0
2025-02-14 07:00:00,11.9,39.0,1010.2,30.1,0.0,89.0
2025-02-14 08:00:00,9.0,41.0,1009.5,29.4,0.0,82.0
2025-02-14 09:00:00,13.3,52.0,1010.1,27.4,0.0,85.0
2025-02-14 10:00:00,14.4,59.0,1010.7,25.8,0.0,85.0
2025-02-14 11:00:00,16.2,65.0,1011.2,24.2,0.0,97.0
2025-02-14 12:00:00,18.0,77.0,1012.0,22.2,0.0,96.0
2025-02-14 13:00:00,18.0,83.0,1013.0,21.0,0.0,84.0
2025-02-14 14:00:00,16.9,84.0,1013.8,20.1,0.0,84.0
2025-02-14 15:00:00,16.2,87.0,1014.1,19.4,0.0,84.0
2025-02-14 16:00:00,16.2,89.0,1014.2,18.9,0.0,89.0
2025-02-14 17:00:00,16.6,91.0,1014.1,18.5,0.0,97.0
2025-02-14 18:00:00,16.9,91.0,1013.9,18.2,0.0,94.0
2025-02-14 19:00:00,15.8,91.0,1013.2,18.0,0.0,83.0
2025-02-14 20:00:00,13.0,91.0,1012.7,17.8,0.0,70.0
2025-02-14 21:00:00,10.8,92.0,1012.5,17.4,0.0,55.0
2025-02-14 22:00:00,10.8,93.0,1012.7,17.1,0.0,42.0
2025-02-14 23:00:00,11.5,93.0,1013.5,16.9,0.0,55.0
2025-02-15 00:00:00,13.7,90.0,1013.9,18.6,0.0,68.0
2025-02-15 01:00:00,12.6,78.0,1014.3,21.6,0.0,76.0
2025-02-15 02:00:00,11.9,66.0,1014.4,24.5,0.0,81.0
2025-02-15 03:00:00,10.8,57.0,1014.0,26.6,0.0,84.0
2025-02-15 04:00:00,9.4,51.0,1013.1,28.3,0.0,83.0
2025-02-15 05:00:00,10.8,46.0,1012.0,29.4,0.0,91.0
2025-02-15 06:00:00,13.7,45.0,1010.7,29.3,0.0,109.0
2025-02-15 07:00:00,16.2,50.0,1009.9,28.3,0.0,113.0
2025-02-15 08:00:00,15.1,49.0,1009.5,28.2,0.0,104.0
2025-02-15 09:00:00,15.1,50.0,1009.0,27.8,0.0,101.0
2025-02-15 10:00:00,17.3,56.0,1009.6,26.2,0.0,88.0
2025-02-15 11:00:00,17.6,67.0,1010.5,24.3,0.0,103.0
2025-02-15 12:00:00,17.3,81.0,1011.8,21.8,0.0,97.0
2025-02-15 13:00:00,18.7,88.0,1012.4,21.0,0.0,96.0
2025-02-15 14:00:00,19.4,92.0,1013.3,20.2,0.0,97.0
2025-02-15 15:00:00,19.8,93.0,1013.8,19.4,0.0,98.0
2025-02-15 16:00:00,20.2,93.0,1014.1,18.8,0.0,95.0
2025-02-15 17:00:00,19.8,94.0,1014.0,18.5,0.0,86.0
2025-02-15 18:00:00,20.5,93.0,1013.8,18.4,0.0,88.0
2025-02-15 19:00:00,21.2,93.0,1013.6,18.1,0.0,95.0
2025-02-15 20:00:00,19.8,92.0,1012.9,18.3,0.0,90.0
2025-02-15 21:00:00,18.4,92.0,1012.8,18.2,0.0,84.0
2025-02-15 22:00:00,17.3,92.0,1013.2,18.0,0.0,78.0
2025-02-15 23:00:00,17.3,93.0,1013.9,17.7,0.0,77.0
2025-02-16 00:00:00,17.3,88.0,1014.9,18.7,0.0,85.0
2025-02-16 01:00:00,18.4,76.0,1015.7,21.2,0.0,85.0
2025-02-16 02:00:00,17.6,64.0,1016.0,24.1,0.0,83.0
2025-02-16 03:00:00,15.8,54.0,1015.8,26.3,0.0,89.0
2025-02-16 04:00:00,15.5,50.0,1015.3,27.4,0.0,95.0
2025-02-16 05:00:00,14.8,48.0,1014.1,27.9,0.0,98.0
2025-02-16 06:00:00,15.1,46.0,1012.8,28.2,0.0,100.0
2025-02-16 07:00:00,16.6,43.0,1011.7,28.5,0.0,105.0
2025-02-16 08:00:00,18.7,43.0,1011.0,28.5,0.0,102.0
2025-02-16 09:00:00,19.4,45.0,1010.8,27.4,0.0,96.0
2025-02-16 10:00:00,21.2,54.0,1011.5,25.5,0.0,92.0
2025-02-16 11:00:00,21.6,72.0,1013.1,22.8,0.0,94.0
2025-02-16 12:00:00,19.1,85.0,1014.2,20.9,0.0,91.0
2025-02-16 13:00:00,18.7,91.0,1015.3,20.1,0.0,89.0
2025-02-16 14:00:00,19.8,92.0,1015.9,19.7,0.0,84.0
2025-02-16 15:00:00,20.2,91.0,1016.1,19.4,0.0,82.0
2025-02-16 16:00:00,21.2,87.0,1016.5,18.7,0.0,89.0
2025-02-16 17:00:00,21.6,86.0,1016.4,18.1,0.0,86.0
2025-02-16 18:00:00,22.0,85.0,1016.1,17.8,0.0,82.0
2025-02-16 19:00:00,21.6,85.0,1015.6,17.4,0.0,81.0
2025-02-16 20:00:00,21.2,86.0,1015.5,17.2,0.0,72.0
2025-02-16 21:00:00,18.7,86.0,1014.7,17.2,0.0,59.0
2025-02-16 22:00:00,18.0,85.0,1014.8,16.9,0.0,53.0
2025-02-16 23:00:00,18.4,85.0,1015.4,16.7,0.0,57.0
2025-02-17 00:00:00,20.2,78.0,1016.1,18.0,0.0,65.0
2025-02-17 01:00:00,20.2,68.0,1016.6,20.5,0.0,68.0
2025-02-17 02:00:00,18.4,61.0,1017.2,23.1,0.0,76.0
2025-02-17 03:00:00,18.0,52.0,1017.1,25.2,0.0,82.0
2025-02-17 04:00:00,18.4,46.0,1016.3,26.8,0.0,86.0
2025-02-17 05:00:00,18.0,44.0,1015.4,27.8,0.0,90.0
2025-02-17 06:00:00,17.6,44.0,1014.3,28.3,0.0,95.0
2025-02-17 07:00:00,14.4,40.0,1012.6,29.3,0.0,80.0
2025-02-17 08:00:00,14.4,42.0,1011.9,28.3,0.0,87.0
2025-02-17 09:00:00,18.0,44.0,1012.1,27.7,0.0,80.0
2025-02-17 10:00:00,19.4,55.0,1013.1,25.1,0.0,87.0
2025-02-17 11:00:00,20.2,64.0,1014.0,22.9,0.0,91.0
2025-02-17 12:00:00,22.0,74.0,1015.1,20.9,0.0,85.0
2025-02-17 13:00:00,21.6,81.0,1016.5,19.5,0.0,84.0
2025-02-17 14:00:00,21.6,85.0,1017.1,18.6,0.0,82.0
2025-02-17 15:00:00,22.7,83.0,1016.9,18.3,0.0,76.0
2025-02-17 16:00:00,22.7,81.0,1016.7,18.0,0.0,74.0
2025-02-17 17:00:00,22.0,80.0,1017.1,17.5,0.0,80.0
2025-02-17 18:00:00,20.2,81.0,1016.5,17.1,0.0,81.0
2025-02-17 19:00:00,17.6,83.0,1015.8,16.8,0.0,78.0
2025-02-17 20:00:00,16.2,84.0,1015.7,16.5,0.0,73.0
2025-02-17 21:00:00,16.9,86.0,1015.9,16.2,0.0,74.0
2025-02-17 22:00:00,16.9,83.0,1015.4,16.8,0.0,61.0
2025-02-17 23:00:00,18.4,85.0,1016.3,16.6,0.0,60.0
2025-02-18 00:00:00,20.2,78.0,1016.7,18.2,0.0,52.0
2025-02-18 01:00:00,19.4,72.0,1017.0,20.2,0.0,49.0
2025-02-18 02:00:00,18.0,63.0,1017.2,22.8,0.0,60.0
2025-02-18 03:00:00,19.1,54.0,1017.0,25.4,0.0,72.0
2025-02-18 04:00:00,20.5,48.0,1016.2,26.8,0.0,82.0
2025-02-18 05:00:00,19.1,43.0,1015.1,28.3,0.0,86.0
2025-02-18 06:00:00,19.1,44.0,1014.2,28.3,0.0,89.0
2025-02-18 07:00:00,18.7,46.0,1013.3,28.1,0.0,81.0
2025-02-18 08:00:00,19.4,48.0,1013.0,27.5,0.0,79.0
2025-02-18 09:00:00,19.1,50.0,1012.9,26.5,0.0,77.0
2025-02-18 10:00:00,19.8,55.0,1013.3,25.0,0.0,73.0
2025-02-18 11:00:00,19.1,65.0,1014.2,22.7,0.0,74.0
2025-02-18 12:00:00,20.9,74.0,1015.2,21.1,0.0,68.0
2025-02-18 13:00:00,21.2,81.0,1016.2,20.0,0.0,66.0
2025-02-18 14:00:00,20.5,83.0,1017.1,19.2,0.0,56.0
2025-02-18 15:00:00,20.5,85.0,1017.4,19.0,0.0,60.0
2025-02-18 16:00:00,21.2,86.0,1017.2,18.7,0.0,62.0
2025-02-18 17:00:00,21.6,87.0,1016.6,18.5,0.0,54.0
2025-02-18 18:00:00,21.6,88.0,1016.1,18.2,0.0,56.0
2025-02-18 19:00:00,21.2,87.0,1015.8,18.0,0.0,60.0
2025-02-18 20:00:00,21.6,88.0,1015.5,17.6,0.0,56.0
2025-02-18 21:00:00,20.9,88.0,1015.4,17.4,0.0,47.0
2025-02-18 22:00:00,19.8,88.0,1015.4,17.3,0.0,44.0
2025-02-18 23:00:00,18.7,87.0,1016.2,17.3,0.0,46.0
2025-02-19 00:00:00,20.5,79.0,1016.7,18.6,0.0,57.0
2025-02-19 01:00:00,20.2,70.0,1017.0,20.9,0.0,63.0
2025-02-19 02:00:00,19.4,64.0,1017.2,23.2,0.0,69.0
2025-02-19 03:00:00,18.4,57.0,1017.0,25.4,0.0,78.0
2025-02-19 04:00:00,18.0,53.0,1016.3,26.6,0.0,82.0
2025-02-19 05:00:00,19.1,50.0,1015.3,27.6,0.0,85.0
2025-02-19 06:00:00,19.4,50.0,1014.2,27.6,0.0,87.0
2025-02-19 07:00:00,19.8,50.0,1013.1,27.5,0.0,86.0
2025-02-19 08:00:00,19.8,53.0,1012.5,26.7,0.0,82.0
2025-02-19 09:00:00,21.6,56.0,1012.1,26.0,0.0,82.0
2025-02-19 10:00:00,20.9,62.0,1012.9,23.9,0.0,76.0
2025-02-19 11:00:00,19.1,73.0,1014.1,21.6,0.0,77.0
2025-02-19 12:00:00,19.8,80.0,1014.9,20.4,0.0,70.0
2025-02-19 13:00:00,20.2,84.0,1015.6,19.7,0.0,66.0
2025-02-19 14:00:00,19.4,84.0,1016.2,19.3,0.0,61.0
2025-02-19 15:00:00,20.2,87.0,1017.0,18.4,0.0,61.0
2025-02-19 16:00:00,19.8,87.0,1016.9,18.3,0.0,58.0
2025-02-19 17:00:00,18.4,87.0,1016.6,18.1,0.0,55.0
2025-02-19 18:00:00,18.7,88.0,1016.1,17.7,0.0,62.0
2025-02-19 19:00:00,18.4,89.0,1015.7,17.4,0.0,60.0
2025-02-19 20:00:00,18.7,89.0,1014.8,17.4,0.0,59.0
2025-02-19 21:00:00,19.1,90.0,1015.0,17.2,0.0,62.0
2025-02-19 22:00:00,19.1,90.0,1015.8,17.2,0.0,61.0
2025-02-19 23:00:00,19.4,90.0,1016.4,17.1,0.0,59.0
2025-02-20 00:00:00,19.8,83.0,1016.9,18.2,0.0,57.0
2025-02-20 01:00:00,20.2,75.0,1017.5,20.5,0.0,67.0
2025-02-20 02:00:00,18.4,64.0,1017.5,22.9,0.0,59.0
2025-02-20 03:00:00,16.2,55.0,1017.2,25.2,0.0,62.0
2025-02-20 04:00:00,16.6,48.0,1016.1,26.9,0.0,75.0
2025-02-20 05:00:00,16.9,44.0,1015.0,27.8,0.0,84.0
2025-02-20 06:00:00,17.6,43.0,1013.7,28.1,0.0,91.0
2025-02-20 07:00:00,18.4,44.0,1012.9,27.8,0.0,99.0
2025-02-20 08:00:00,19.4,44.0,1012.4,27.5,0.0,101.0
2025-02-20 09:00:00,20.2,45.0,1012.1,26.9,0.0,95.0
2025-02-20 10:00:00,22.3,54.0,1012.9,24.9,0.0,92.0
2025-02-20 11:00:00,20.9,64.0,1014.4,22.6,0.0,88.0
2025-02-20 12:00:00,20.2,74.0,1015.3,21.1,0.0,82.0
2025-02-20 13:00:00,20.5,80.0,1016.0,20.1,0.0,75.0
2025-02-20 14:00:00,20.5,81.0,1016.7,19.7,0.0,62.0
2025-02-20 15:00:00,19.8,81.0,1017.0,19.4,0.0,48.0
2025-02-20 16:00:00,18.0,79.0,1016.8,18.8,0.0,41.0
2025-02-20 17:00:00,17.6,80.0,1016.7,18.5,0.0,51.0
2025-02-20 18:00:00,18.4,82.0,1016.2,18.2,0.0,61.0
2025-02-20 19:00:00,18.4,83.0,1015.6,18.0,0.0,53.0
2025-02-20 20:00:00,18.0,84.0,1015.5,17.9,0.0,38.0
2025-02-20 21:00:00,20.2,85.0,1015.2,17.8,0.0,51.0
2025-02-20 22:00:00,19.8,86.0,1015.5,17.7,0.0,41.0
2025-02-20 23:00:00,19.8,87.0,1016.1,17.9,0.0,38.0
2025-02-21 00:00:00,20.5,83.0,1016.6,19.1,0.0,41.0
2025-02-21 01:00:00,20.2,73.0,1016.9,21.4,0.0,47.0
2025-02-21 02:00:00,22.0,61.0,1017.4,24.1,0.0,68.0
2025-02-21 03:00:00,23.4,51.0,1017.2,26.2,0.0,71.0
2025-02-21 04:00:00,21.2,48.0,1016.4,27.2,0.0,70.0
2025-02-21 05:00:00,18.7,49.0,1015.5,27.4,0.0,74.0
2025-02-21 06:00:00,18.4,50.0,1014.6,27.5,0.0,77.0
2025-02-21 07:00:00,18.7,49.0,1013.5,28.2,0.0,81.0
2025-02-21 08:00:00,19.8,52.0,1012.9,27.7,0.0,81.0
2025-02-21 09:00:00,21.2,57.0,1013.1,26.3,0.0,76.0
2025-02-21 10:00:00,20.9,61.0,1013.8,24.8,0.0,77.0
2025-02-21 11:00:00,19.8,69.0,1014.8,22.8,0.0,74.0
2025-02-21 12:00:00,20.5,77.0,1015.5,21.3,0.0,62.0
2025-02-21 13:00:00,19.4,80.0,1016.6,20.5,0.0,60.0
2025-02-21 14:00:00,19.4,84.0,1017.7,20.0,0.0,62.0
2025-02-21 15:00:00,20.5,86.0,1017.8,19.5,0.0,59.0
2025-02-21 16:00:00,20.2,87.0,1017.5,19.4,0.0,55.0
2025-02-21 17:00:00,18.0,88.0,1017.8,18.6,0.0,47.0
2025-02-21 18:00:00,18.0,89.0,1017.2,18.4,0.0,50.0
2025-02-21 19:00:00,18.0,89.0,1016.6,18.3,0.0,46.0
2025-02-21 20:00:00,18.0,89.0,1016.2,18.2,0.0,43.0
2025-02-21 21:00:00,17.6,90.0,1016.1,18.1,0.0,50.0
2025-02-21 22:00:00,18.0,89.0,1015.8,18.4,0.0,46.0
2025-02-21 23:00:00,18.7,89.0,1016.4,18.3,0.0,51.0
2025-02-22 00:00:00,19.4,83.0,1017.0,19.5,0.0,48.0
2025-02-22 01:00:00,22.0,74.0,1017.5,21.6,0.0,51.0
2025-02-22 02:00:00,22.0,65.0,1017.7,23.9,0.0,61.0
2025-02-22 03:00:00,25.2,53.0,1017.6,26.2,0.0,69.0
2025-02-22 04:00:00,24.1,51.0,1016.8,27.4,0.0,69.0
2025-02-22 05:00:00,20.9,51.0,1015.9,27.7,0.0,74.0
2025-02-22 06:00:00,20.5,50.0,1014.7,28.2,0.0,78.0
2025-02-22 07:00:00,21.6,51.0,1013.7,27.8,0.0,74.0
2025-02-22 08:00:00,22.7,58.0,1013.5,26.3,0.4,68.0
2025-02-22 09:00:00,21.6,56.0,1013.4,26.1,0.0,74.0
2025-02-22 10:00:00,21.6,62.0,1014.1,24.6,0.0,74.0
2025-02-22 11:00:00,19.8,71.0,1015.0,22.6,0.0,73.0
2025-02-22 12:00:00,20.9,78.0,1016.0,21.4,0.0,73.0
2025-02-22 13:00:00,22.3,82.0,1017.0,20.7,0.0,68.0
2025-02-22 14:00:00,21.6,85.0,1018.3,20.2,0.0,63.0
2025-02-22 15:00:00,22.0,85.0,1018.3,20.1,0.0,57.0
2025-02-22 16:00:00,20.9,85.0,1018.2,20.0,0.0,51.0
2025-02-22 17:00:00,20.2,85.0,1017.8,19.7,0.0,48.0
2025-02-22 18:00:00,20.5,86.0,1017.3,19.5,0.0,58.0
2025-02-22 19:00:00,21.2,86.0,1017.0,19.4,0.0,57.0
2025-02-22 20:00:00,21.2,86.0,1016.7,19.4,0.0,44.0
2025-02-22 21:00:00,20.5,84.0,1016.2,19.9,0.0,39.0
2025-02-22 22:00:00,20.5,83.0,1016.2,19.9,0.0,46.0
2025-02-22 23:00:00,22.0,83.0,1016.8,19.9,0.0,48.0
2025-02-23 00:00:00,22.7,81.0,1017.6,20.5,0.0,44.0
2025-02-23 01:00:00,25.9,72.0,1018.0,22.1,0.0,48.0
2025-02-23 02:00:00,29.5,64.0,1018.1,24.0,0.0,53.0
2025-02-23 03:00:00,30.6,57.0,1018.4,25.7,0.0,58.0
2025-02-23 04:00:00,27.0,56.0,1017.8,25.9,0.0,57.0
2025-02-23 05:00:00,25.9,56.0,1017.1,25.9,0.0,60.0
2025-02-23 06:00:00,26.3,58.0,1016.3,25.3,0.0,57.0
2025-02-23 07:00:00,27.4,66.0,1016.0,23.7,0.1,47.0
2025-02-23 08:00:00,26.3,72.0,1015.6,23.1,0.4,50.0
2025-02-23 09:00:00,23.8,80.0,1015.8,21.7,0.4,55.0
2025-02-23 10:00:00,21.6,85.0,1015.9,21.1,0.3,61.0
2025-02-23 11:00:00,22.3,87.0,1016.3,20.4,0.3,61.0
2025-02-23 12:00:00,22.7,90.0,1016.9,20.0,0.4,61.0
2025-02-23 13:00:00,22.0,93.0,1017.9,19.7,0.9,55.0
2025-02-23 14:00:00,22.3,93.0,1018.7,19.6,0.3,56.0
